id,first_name,last_name,country,number
1,Leslie,Graham,GBR,
2,Nello,Pagani,ITA,
3,Arciso,Artesiani,ITA,
4,William,Doran,GBR,
5,Artie,Bell,IRL,
6,Harold,Daniell,GBR,
7,John,Lockett,GBR,
8,Ernie,Lyons,IRL,
9,Enrico,Lorenzetti,ITA,
10,Gianni,Leoni,ITA,
11,Jock,West,GBR,
12,Sid,Jensen,NZE,
13,Bruno,Bertacchini,ITA,
14,Freddie,Frith,GBR,
15,Fred,Stevens,GBR,
16,Reg,Armstrong,IRL,
17,Bob,Foster,GBR,
18,Manliefe,Barrington,IRL,
19,Tommy,Wood,GBR,
20,Roland,Pike,GBR,
21,Ronald,Mead,GBR,
22,S.A.,Sørensen,DAN,
23,Guido,Leoni,ITA,
24,Keith,Armstrong,GBR,
25,Bruno,Ruffo,ITA,
26,Dario,Ambrosini,ITA,
27,Fergus,Anderson,GBR,
28,Claudio,Mastellari,ITA,
29,Benoit,Musy,SWI,
30,Renato,Magi,ITA,
31,Celeste,Cavaciuti,ITA,
32,Carlo,Ubbiali,ITA,
33,Umberto,Masetti,ITA,
34,Franco,Bertoni,ITA,
35,David,Whitworth,GBR,
36,Eric,McPherson,AUS,
37,E.,Frend,GBR,
38,Oscar,Clemencigh,ITA,
39,Giuseppe,Matucci,ITA,
40,Cromie,McCandless,IRL,
41,Charlie,Salt,GBR,
42,F.,Fry,GBR,
43,Dickie,Dale,GBR,
44,Maurice,Cann,GBR,
45,G.A.,Reeve,GBR,
46,Douglas,Beasley,GBR,
47,Bruno,Francisci,ITA,
48,Umberto,Braga,ITA,
49,Geoff,Duke,GBR,
50,Carlos,Bandirola,ITA,
51,Harry,Hinton,AUS,
52,Alfredo,Milani,ITA,
53,Len,Bayliss,GBR,
54,Arnold,Jones,GBR,
55,Eric,Hinton,AUS,
56,Bill,Lomas,GBR,
57,Felice,Benasedo,ITA,
58,Gijs,Lagervey,NED,
59,Claudio,Belotti,SWI,
60,Onorato,Francone,ITA,
61,Cecyl,Sandford,GBR,
62,Wilf,Billington,IRL,
63,A.,Burton,GBR,
64,G.,Andrews,GBR,
65,Keith,Campbell,AUS,
66,Alano,Montanari,ITA,
67,Umberto,Plebani,ITA,
68,Luigi,Zinzani,ITA,
69,Raffaele,Alberti,ITA,
70,Emilio,Soprani,ITA,
71,Russell,Wood,RSA,
72,Ken,Kavanagh,AUS,
73,Sante,Geminiani,?,
74,Tommy,McEwan,?,
75,Roger,Montane,SPA,
76,Jack,Brett,GBR,
77,A.,Parry,GBR,
78,Vaclav,Parus,TCH,
79,Ernesto,Vidal,SPA,
80,Willy,Lips,SWI,
81,W.,Petch,GBR,
82,F.,Aranda,SPA,
83,J.,Raffeld,BEL,
84,Johnny,Grace,GIB,
85,Vincenzo,Zanzi,ITA,
86,J.,Bultó,SPA,
87,Antonio,Elizalde,SPA,
88,P.,Fuhrer,SWI,
89,Sid,Mason,GBR,
90,L.,Fassl,AUT,
91,Nino,Grieco,ITA,
92,Phillip,McCallen,GBR,
93,Mick,Featherstone,GBR,
94,Juan,Llobet,SPA,
95,V.,Perry,NZE,
96,Rod,Coleman,NZE,
97,Simon,Sandys-Winsch,GBR,
98,Bob,Matthews,IRL,
99,Emilio,Mendogni,ITA,
100,Bob,Anderson,GBR,
101,Werner,Gerber,SWI,
102,Guido,Paciocca,ITA,
103,Romolo,Ferri,ITA,
104,Otello,Spadoni,ITA,
105,Ray,Amm,RHO,
106,Sid,Lawton,GBR,
107,Giuseppe,Colnago,ITA,
108,Phil,Carter,IRL,
109,Auguste,Goffin,BEL,
110,Hans,Baltisberger,GER,
111,John,Surtees,GBR,
112,Bob,Gehring,USA,
113,George,Brown,GBR,
114,Angelo,Copeta,ITA,
115,Frank,Burman,GBR,
116,Arthur,Wheeler,GBR,
117,Bill,Webster,GBR,
118,Sijbren,Postma,NED,
119,Guido,Sala,ITA,
120,Lo,Simons,NED,
121,Ewald,Kluge,GER,
122,Ernie,Ring,AUT,
123,Roland,Felgenheier,GER,
124,Hans,Thorn-Prikker,GER,
125,Herman,Gablenz,GER,
126,Werner,Haas,GER,
127,Hubert,Luttenberg,GER,
128,Mike,O'Rourke,IRL,
129,Beny,Rood,GBR,
130,Ray,Petty,GBR,
131,Robin,Sherry,GBR,
132,Bert,Schneider,AUT,
133,Roberto,Colombo,ITA,
134,Hermann Paul,Müller,GER,
135,Libero,Liberati,ITA,
136,Derek,Farrant,GBR,
137,Peter,Davey,GBR,
138,Ken,Mudford,NZE,
139,Hans,Müller,SWI,
140,Eric,Wünsche,GER,
141,S.A.,Willis,AUS,
142,A.W.,Jones,GBR,
143,Dreikus,Veer,NED,
144,Pierre,Monneret,FRA,
145,J.,Albisser,SWI,
146,Benjamin,Laurent,NZE,
147,Bob,Mcintyre,GBR,
148,H.A.,Pearce,GBR,
149,Roberto,Teneggi,ITA,
150,Ken,Harwood,GBR,
151,Otto,Daiker,GER,
152,Tino,Forconi,ITA,
153,Fron,Purslow,GBR,
154,Karl,Hoffmann,GER,
155,Duilio,Agostini,ITA,
156,August,Hobl,GER,
157,L.T.,Simpson,NZE,
158,A.,McAlpine,AUT,
159,Wolfgang,Brandt,GER,
160,Paolo,Campanelli,ITA,
161,Jaques,Collot,ITA,
162,Leon,Martin,BEL,
163,Alberto,Pagani,ITA,
164,Luigi,Taveri,SWI,
165,Rudy,Allison,RSA,
166,G.,Julian,GBR,
167,,,?,
168,Colin,Clark,AUS,
169,George,Murphy,NZE,
170,Firmin,Dauwe,BEL,
171,Rupert,Hollaus,AUT,
172,Lanfranco,Baviera,ITA,
173,John,Clark,GBR,
174,J.,Lloyd,GBR,
175,Sigfried,Wünsche,GER,
176,Karl,Lottes,GER,
177,Georg,Braun,GER,
178,Helmut,Hallmeier,GER,
179,Walter,Reichert,GER,
180,Walter,Vogel,GER,
181,Kurt,Knopf,GER,
182,Angelo,Marelli,ITA,
183,Tarquinio,Provini,ITA,
184,Massimo,Genevini,ITA,
185,Willi,Scheidhauer,GER,
186,Juan,Bertran,SPA,
187,C.,Paragues,SPA,
188,V.,Corsin,SPA,
189,John,Hartle,GBR,
190,Walter,Zeller,GER,
191,Orlando,Valdinoci,ITA,
192,Bob,Brown,AUS,
193,Eddie,Grant,RSA,
194,John,Storr,GBR,
195,Ernst,Riedelbauch,GER,
196,Derek,Ennett,GBR,
197,Jack,Ahearn,AUS,
198,Giuseppe,Lattanzi,ITA,
199,Marcello,Cama,SPA,
200,Maurice,Quincey,AUS,
201,Ricky,Porter,NZE,
202,Remo,Venturi,ITA,
203,K.,Pertrusche,GER,
204,Erhart,Krumpholz,GER,
205,Hans,Bartl,NED,
206,Rudolf,Grimas,AUT,
207,Sammy,Miller,IRL,
208,Keith,Bryen,AUS,
209,Gerold,Klinger,?,
210,Geoffrey,Tanner,GBR,
211,R.W.,Herron,GBR,
212,P.B.,Fahey,NZE,
213,Ernst,Hiller,GER,
214,Alan,Trow,GBR,
215,Horst,Kassner,GER,
216,Franzisen,Bartos,TCH,
217,Francisco,Gonzales,SPA,
218,Alex,Sirera,SPA,
219,Dave,Chadwick,GBR,
220,Jiri,Kostir,TCH,
221,Kees,Koster,NED,
222,Jean Pierre,Bayle,FRA,
223,Fortunato,Libanori,ITA,
224,Roland,Heck,GER,
225,W.,Maddrick,GBR,
226,Maurice,Bula,SWI,
227,E.,Cope,IRL,
228,Renato,Sartori,ITA,
229,Sandro,Artusi,ITA,
230,Alan,Shepherd,GBR,
231,Derek,Minter,GBR,
232,Hans Gunter,Jaeger,GER,
233,Terry,Shepherd,GBR,
234,R.,Thomson,AUT,
235,Horst,Fügner,GER,
236,Ernst,Degner,GER,
237,Franta,Stastny,TCH,
238,Günter,Beer,GER,
239,Brian,Purslow,GBR,
240,Tommy,Robb,IRL,
241,Clive,Brown,GBR,
242,Neil Hodgson,Hodgins,GBR,
243,Adelmo,Mandolini,ITA,
244,Gary,Hocking,RHO,
245,J.D.,Anderson,NZE,
246,Mike,Hailwood,GBR,
247,G.A.,Catlin,GBR,
248,Alistair,King,GBR,
249,Dieter,Falk,GER,
250,Alberto,Gandossi,ITA,
251,Jack,Findlay,AUS,
252,Xaver,Heiss,GER,
253,Walter,Brehme,GER,
254,Werner,Musiol,GER,
255,Geoff,Monty,GBR,
256,Josef,Autengruber,AUT,
257,Wilhem,Lecke,GER,
258,Giampiero,Zubani,ITA,
259,Bruno,Spaggiari,ITA,
260,Francesco,Villa,ITA,
261,A.,Vezzalini,ITA,
262,Andrew,Duke,AUS,
263,John,Hempleman,NZE,
264,D.T.,Powell,GBR,
265,Paddy,Driver,RSA,
266,Jim,Redman,RHO,
267,Ron,Miles,AUS,
268,A.,Huber,GER,
269,Rudolf,Thalhammer,AUT,
270,Naomi,Taniguchi,JPN,
271,Giichi,Suzuki,JPN,
272,Kenjiro,Tanaka,JPN,
273,Junzo,Suzuki,JPN,
274,Ernesto,Brambilla,ITA,
275,Karl,Kronmueller,GER,
276,Tom,Phillis,AUS,
277,Gilberto,Milani,ITA,
278,Ralph,Rensen,GBR,
279,Ladi,Richter,AUT,
280,Fumio,Ito,JPN,
281,Rudolf,Glaeser,GER,
282,Frank,Perris,GBR,
283,Moto,Kitano,JPN,
284,Shimazaki,Sadao,JPN,
285,Jan,Huberts,NED,
286,Kuninitsu,Takahashi,JPN,
287,J.,Sato,JPN,
288,Hugh,Anderson,NZE,
289,Jorge,Kissling,ARG,
290,Ron,Langston,GBR,
291,Juan,Salatino,ARG,
292,Mike,Duff,CAN,
293,Antonie,Paba,FRA,
294,Phil,Read,GBR,
295,Gyula,Marsovszky,SWI,
296,Trevor,Farnsworth,NZE,
297,S.,Perkins,RSA,
298,J.T.,Findlay,GBR,
299,Eduardo,Salatino,ARG,
300,Fritz,Messerli,SWI,
301,Peter,Chatterton,GBR,
302,G.,Costa,URU,
303,Tony,Godfrey,GBR,
304,John,Lothar,GER,
305,Roland,Föll,GER,
306,Anssi,Resko,FIN,
307,Tom,Thorp,IRL,
308,Peter,Pawson,NZE,
309,Gustav,Havel,TCH,
310,Hans,Fischer,GER,
311,Silvio,Grassetti,ITA,
312,Richard,Ingram,GBR,
313,Sadao,Shimazaki,JPN,
314,Rex,Avery,GBR,
315,Yoshikazu,Sunako,JPN,
316,Pierre,Vervroegen,BEL,
317,Bohumil,Stasa,TCH,
318,Lazlo,Szabo,HUN,
319,Ulf,Svensson,SWE,
320,Benedicto,Caldarella,ARG,
321,Hugo,Pochettino,ARG,
322,Ellis,Boyce,GBR,
323,Sven,Gunnarsson,SWE,
324,Paolo,Gamberini,ARG,
325,H.,Karlsson,SWE,
326,S.,Pomesano,ARG,
327,F.,Soler,ARG,
328,Brian,Setchell,GBR,
329,Ray,Spence,GBR,
330,Dan,Shorey,GBR,
331,Hans-Georg,Anscheidt,GER,
332,Mitsuo,Itoh,JPN,
333,Michio,Ichino,JPN,
334,Cas,Swart,NED,
335,Stanislav,Malina,TCH,
336,Seichi,Suzuki,JPN,
337,Wolfgang,Gedlich,?,
338,Cees,Van Dongen,NED,
339,Giuseppe,Visenzi,ITA,
340,Campbell,Donaghy,IRL,
341,Stuart,Graham,GBR,
342,Nikolaj,Sevastyanov,RUS,
343,Klaus,Enderlein,GER,
344,Isao,Morishita,JPN,
345,T.,Lego,?,
346,Jukka,Petaja,FIN,
347,Umberto,Massetti,ARG,
348,Rudolph,Kaiser,ARG,
349,Jorge,Terengo,ARG,
350,Carlo,Marfetan,URU,
351,M.,Dietrich,ARG,
352,Limberg,Moreira,URU,
353,Marzilio,Chizzini,ARG,
354,Pedro,Rosenthal,ARG,
355,Bill,Smith,GBR,
356,Victorio,Minguzzi,ARG,
357,F.,Villavelran,ARG,
358,Sid,Mizen,GBR,
359,Joe,Dunphy,GBR,
360,Ralph,Bryans,IRL,
361,J.,Acosta,URU,
362,Vernon,Cottle,GBR,
363,Vasco,Loro,ITA,
364,Horoshi,Hasegawa,JPN,
365,John,Kidson,GBR,
366,Carl,Ward,GBR,
367,R.,Dickinson,GBR,
368,Walter,Scheimann,GER,
369,Ian,Plumridge,?,
370,Jean Pierre,Beltoise,FRA,
371,Len,Ireland,?,
372,Chris,Anderson,GBR,
373,Matti,Salonen,FIN,
374,William-A,Smith,GBR,
375,Pavel,Stavicek,TCH,
376,Jan,Kostwinder,NED,
377,Raoul,Kissling,ARG,
378,Ivan,Schuman,GUA,
379,Alberto,Gomez,ARG,
380,Horacio,Maffia,ARG,
381,Karaber,Samardjian,?,
382,Gaston,Biscia,?,
383,R.,Creith,IRL,
384,Derek,Woodman,GBR,
385,Rob,Fitton,GBR,
386,Morry,Low,NZE,
387,Eriff,Jenkins,GBR,
388,Chris,Conn,GBR,
389,Buddy,Parriott,USA,
390,W.,McCosh,IRL,
391,Lewis,Young,GBR,
392,Ron,Grant,USA,
393,George,Rockett,USA,
394,Floyd,Brown,USA,
395,Lee,Allen,?,
396,Bruce,Beale,RHO,
397,Roy,Boughey,GBR,
398,Clive,Hunt,GBR,
399,Chris,Vincent,GBR,
400,Jim,Curry,GBR,
401,Steve,Murray,GBR,
402,Kevin,Webster,GBR,
403,Jim,Pink,?,
404,Isamu,Kasuya,JPN,
405,Rudolf,Kunz,GER,
406,Giacomo,Agostini,ITA,
407,Richard,Thomas,GER,
408,Peter,Eser,GER,
409,Albert,Beirle,GER,
410,Wolfgang,Gast,GER,
411,Gosta,Jensen,DAN,
412,Heinz,Rosner,GER,
413,Friedhelm,Kohlar,GER,
414,Ramon,Torras,SPA,
415,P.,Kiisa,RUS,
416,Dieter,Krumpholz,GER,
417,Charlie,Mates,?,
418,Renzo,Pasolini,ITA,
419,Ray,Beaumont,CAN,
420,Iean Noel,Burne,RSA,
421,Jouko,Ryhanen,FIN,
422,John,Cooper,GBR,
423,Giuseppe,Mandolini,ITA,
424,Ed,Labelle,USA,
425,Edy,Lenz,AUT,
426,Selwyn,Griffiths,GBR,
427,D.,Lloyd,CAN,
428,Billie,Nelson,GBR,
429,Ken,King,CAN,
430,D.,Loyd,CAN,
431,Josep Maria,Busquets,SPA,
432,John,Buckner,USA,
433,Rick,Schell,USA,
434,Joe,Tate,USA,
435,Haruo,Koshino,JPN,
436,Jacques,Roca,FRA,
437,Angel,Nieto,SPA,
438,Don,Williams,GBR,
439,John,Kiddie,GBR,
440,James,Pearson,GBR,
441,Les,Griffiths,?,
442,Yoshimi,Katayama,JPN,
443,Bill,Ivy,GBR,
444,Franziseh,Bocek,TCH,
445,Joachim,Leitert,GER,
446,Roland,Rentzsch,GER,
447,Ginger,Molloy,NZE,
448,Bob,Coulter,IRL,
449,Peter,Williams,GBR,
450,Ron,Chandler,GBR,
451,John,Blanchard,GBR,
452,Jeff,Mawby,GBR,
453,Malcom,Stanton,AUS,
454,John,Dodds,AUS,
455,Walter,Sommer,GER,
456,Herbert,Mann,GER,
457,Lothar,John,GER,
458,Arthur,Fegbli,SWI,
459,Oswald,Dittrich,?,
460,Akihiko,Motohashi,JPN,
461,Kel,Carruthers,AUS,
462,Kent,Andersson,SWE,
463,Hans,Bischoff,GER,
464,Seppo,Kangasniemi,FIN,
465,Dave,Simmonds,GBR,
466,Kevin,Cass,AUS,
467,Leonard,Atlee,AUS,
468,P.G.,Inchley,GBR,
469,Terry,Grotefeld,?,
470,Barry,Smith,AUS,
471,L.,Roth,?,
472,Steve,Spencer,GBR,
473,Angelo,Bergamonti,ITA,
474,Bo,Granath,SWE,
475,Andrea,Georgeades,CAN,
476,Rodney,Gould,GBR,
477,Maurice,Hawthorne,GBR,
478,Rolf,Schmid,GER,
479,Walter,Villa,ITA,
480,Rudolf,Schmälze,?,
481,Greame,Geddes,AUS,
482,Wolfgang,Reinhard,?,
483,Mick,Chatterton,GBR,
484,C.M.,Walpole,?,
485,E.L.,Griffith,?,
486,John,Lawley,?,
487,J.D.,Lawley,?,
488,R.M.,Udall,?,
489,Aalt,Toersen,NED,
490,Paul,Lodewijkx,NED,
491,Thomas,Heuschkel,GER,
492,Jurgen,Lenk,GER,
493,Herbert,Denzler,SWI,
494,Brian,Steenson,IRL,
495,Ian,McGregor,?,
496,Rex,Butcher,GBR,
497,Giovanni,Burlando,ITA,
498,Yvon,Duhamel,CAN,
499,F.,Camillieri,USA,
500,M.,Coopey,CAN,
501,Robert,Lusk,USA,
502,Jean Guy,Duval,CAN,
503,Ralf,Swegan,USA,
504,Robert,Messina,USA,
505,John,Allen,AUS,
506,Brian,Ball,GBR,
507,Barry,Randle,GBR,
508,Percy,Tait,GBR,
509,Bernard,Lund,GBR,
510,Silvano,Bertarelli,ITA,
511,Godfrey,Nash,GBR,
512,Santiago,Herrero,SPA,
513,Siegfried,Moehringer,GER,
514,Dieter,Braun,GER,
515,Rudolf,Schmalzle,?,
516,Ludwig,Fassbender,?,
517,S.J.,Florjan,?,
518,Carlos,Giro,SPA,
519,Carlos,Rocamora,SPA,
520,Paul,Eickelberg,GER,
521,Salvador,Cañellas,SPA,
522,Pedro,Alvarez,SPA,
523,F.,Cufi,?,
524,Malcolm,Uphill,GBR,
525,Gordon,Keith,RHO,
526,D.,Lock,?,
527,Jan,De Vries,NED,
528,Jos,Schurgers,NED,
529,Martin,Mijwaart,NED,
530,Gunter,Bartusch,GER,
531,Karl,Hoppe,GER,
532,Janos,Reisz,HUN,
533,Alan,Barnett,GBR,
534,Steve,Ellis,GBR,
535,Terry,Dennehy,AUS,
536,Karl,Auer,AUT,
537,Pentti,Lehtela,FIN,
538,Franco,Trabalzini,ITA,
539,Tom,Dickie,GBR,
540,Albergian,Louwes,NED,
541,Esko,Kuparinen,FIN,
542,Werner,Bergold,AUT,
543,Andre Luc,Appietto,FRA,
544,Keith,Turner,NZE,
545,Barry,Scully,GBR,
546,J.,O'Brien,GBR,
547,Gunter,Fischer,GER,
548,Gilbert,Argo,SWI,
549,Steve,Jolly,GBR,
550,A.T.,Lawton,GBR,
551,Emanuele,Maugliani,ITA,
552,Charlie,Williams,GBR,
553,Peter,Darvill,GBR,
554,Jack,Linah,SWE,
555,Ross,Hannan,AUS,
556,O.,Hansen,SWE,
557,Wolfgang,Stropek,AUT,
558,Adolf,Ohligschlaeger,GER,
559,Jerry,Lancaster,GBR,
560,Borje,Jansson,SWE,
561,Martti,Pesonen,FIN,
562,Enrique,Escuder,SPA,
563,Bruno,Veigel,SWI,
564,Pertti,Leinonen,FIN,
565,Ramon,Gali,SPA,
566,Gilberto,Parlotti,ITA,
567,G.,Lombardi,?,
568,J.,Unterladstatter,?,
569,Jean Louis,Pasquier,MON,
570,Jean Vivesse,Bordons,SPA,
571,Karel,Bojer,TCH,
572,Klaus,Huber,GER,
573,Toni,Gruber,GER,
574,Reinhard,Scholtis,GER,
575,Sigfried,Lohmann,GER,
576,Heinz,Kriwanek,AUT,
577,Ryszard,Mankiewicz,POL,
578,J.,Stefe,?,
579,Gerhard,Thurow,GER,
580,Eugenio,Lazzarini,ITA,
581,Jean,Aureal,FRA,
582,Christian,Ravel,FRA,
583,Jean Francois,Chaffin,FRA,
584,Pierre,Viura,FRA,
585,Daniel,Crivello,IRL,
586,Jean,Campiche,SWI,
587,C.,Dubols,?,
588,Billie,Guthrie,IRL,
589,M.,Hatherill,?,
590,R.A.,Graham,?,
591,Frank,Whiteway,GBR,
592,Derek,Chatterton,GBR,
593,Stan,Woods,GBR,
594,Ian,Richards,GBR,
595,John,Shacklady,GBR,
596,Charlie,Garner,GBR,
597,Tom,Loughridge,GBR,
598,Cliff,Carr,?,
599,Leo,Commu,NED,
600,John,Ringwood,GBR,
601,L.,Van Rijswijk,NED,
602,Adrijan,Bernetic,?,
603,André,Millard,?,
604,Marty,Lunde,USA,
605,Harmunt,Bischoff,GER,
606,F.,Ringhini,?,
607,Bernard,Mahler,GER,
608,I.,Sauter,?,
609,Penti,Korhonen,FIN,
610,Tevo,Lansivuori,FIN,
611,Chas,Mortimer,GBR,
612,John,Williams,GBR,
613,C.,Crawford,?,
614,Tony,Rutter,GBR,
615,Dave,Degens,?,
616,Ray,McCullough,IRL,
617,Dick,Pipes,GBR,
618,Steve,Aspin,?,
619,L.,Lawlor,?,
620,Fred,Redfern,?,
621,A.,Lawn,?,
622,Gary,Dickinson,GBR,
623,Luigi,Rinaudo,ITA,
624,Janos,Drapal,HUN,
625,A.,Kralj,?,
626,Roberto,Gallina,ITA,
627,Martin,Carney,GBR,
628,Erick,Offenstadt,FRA,
629,Paul,Smart,GBR,
630,Tony,Jefferies,GBR,
631,Walter,Rüngg,SWI,
632,Rob,Bron,NED,
633,Gerry,Mateer,IRL,
634,Giovanni,Perrone,ITA,
635,Brian,Adams,GBR,
636,Hans Otto,Butenuth,GER,
637,Vincent,Duckett,GBR,
638,Charlie,Dobson,GBR,
639,H.,Gorgen,?,
640,Hanz,Rosenbusch,GER,
641,Jarno,Saarinen,FIN,
642,Otello,Buscherini,ITA,
643,Hans,Dittberner,GER,
644,M.,Bernsee,?,
645,Harald,Bartol,AUT,
646,Christian,Bourgeois,FRA,
647,Juan,Bordons,SPA,
648,Giuseppe,Consalvi,ITA,
649,Bernd,Köhlar,GER,
650,Peter,Berwick,GBR,
651,Ray,Pickrell,?,
652,R.,Duffty,?,
653,Alex,George,GBR,
654,A.J.,Smith,GBR,
655,W.A.,Smith,GBR,
656,Fred,Launchbury,GBR,
657,Theo,Bult,NED,
658,Aad,Droog,NED,
659,T.,Ramaker,NED,
660,T.,Daleman,?,
661,Jan,Bruins,NED,
662,Oronzo,Memola,BEL,
663,Franz,Kroon,?,
664,Jose,Peon,CUB,
665,Ingo,Koeppe,GER,
666,W.,Roesch,GER,
667,G.,Weser,?,
668,Roland,Olsson,SWE,
669,Mikko,Hamunen,FIN,
670,Theo,Lowes,?,
671,Dennis,Gallagner,?,
672,C.,Geary,?,
673,R.,Simpson,?,
674,D.,Clancy,?,
675,E.,Holzeis,?,
676,Luigi,Anelli,ITA,
677,B.,Cretti,ITA,
678,M.,Cannizzaro,ITA,
679,Barry,Sheene,GBR,
680,Jose,Medrano,SPA,
681,Ulrich,Graf,SWI,
682,Benjamin,Grau,SPA,
683,F.,Van Der Hoeven,NED,
684,Gerhard,Schweikardt,GER,
685,Kaarlo,Koivuniemi,FIN,
686,Ulf,Nilsson,SWE,
687,Ivan,Carlsson,SWE,
688,Gordon,Pantall,GBR,
689,Roger,Sutcliffe,GBR,
690,Peter,Van Der Wal,NED,
691,Morgan,Radberg,SWE,
692,Tom,Herron,IRL,
693,Charlie,Sanby,GBR,
694,K.,Bertsch,GER,
695,Johnny,Bengtsson,SWE,
696,Donnie,Robinson,IRL,
697,Giuseppe,Mongardi,ITA,
698,Horst,Dzierzawa,GER,
699,Rob,Noorlander,NED,
700,Werner,Pfirter,SWI,
701,E.,Fagerer,?,
702,Guido,Mandracci,ITA,
703,Gert,Bender,GER,
704,J.,Pares March,?,
705,M.,Kugler,?,
706,Hans,Hummel,AUT,
707,Mike,Grant,GBR,
708,Bill,Henderson,GBR,
709,Peter,Courtney,GBR,
710,R.,Watts,GBR,
711,Fred,Smart,GBR,
712,Lindsay,Porter,GBR,
713,Bill,Rae,GBR,
714,Nico,Van Der Zanden,NED,
715,Steve,Machin,GBR,
716,T.,Kooyman,NED,
717,N.,Polane,?,
718,Hermann,Meyer,?,
719,Hansrudolf,Bruengger,SWI,
720,G.,Hilbig,?,
721,Lars,Johansson,SWE,
722,Zbynek,Havrda,TCH,
723,P.,Müller,?,
724,Lennart,Lindell,SWE,
725,Leif,Rosell,SWE,
726,L.,Persson,SWE,
727,Alberto,Ieva,ITA,
728,Peter,Jones,GBR,
729,L.,Habbiche,?,
730,Aldo,Pero,ITA,
731,Bruno,Kneubühler,SWI,
732,Kim,Newcombe,NZE,
733,Sergio,Baroncini,ITA,
734,Hideo,Kanaya,JPN,
735,Kevin,Cowley,GBR,
736,Andre,Pogolotti,FRA,
737,Karl,Huber,?,
738,Hans,Maxwald,AUT,
739,Paul,Cott,GBR,
740,Derek,Lee,GBR,
741,Getulio,Marcasini,ITA,
742,Carlo,Marelli,ITA,
743,Ken,Araoka,JPN,
744,Arpad,Juhos,HUN,
745,Roland,Nilsson,SWE,
746,Josef,Ozelt,AUT,
747,Peter,Stocksiefen,GER,
748,R.,Schuster,?,
749,Rolf,Minhoff,GER,
750,Adu,Celso-Santos,BRA,
751,Michel,Rougerie,FRA,
752,Tierry,Tchernine,FRA,
753,R.,Jimenez,FRA,
754,Heinz,Schmid,SWI,
755,Fosco,Giansanti,ITA,
756,Giovanni,Buffarello,ITA,
757,Adriano,Cocchi,ITA,
758,Ermanno,Giuliano,ITA,
759,Nigel,Stone,?,
760,Claudio,Lusuardi,ITA,
761,B.,Lee,?,
762,Robert,Hackett,GBR,
763,Leigh,Notman,GBR,
764,Andy,Morris,GBR,
765,Mike,Evans,GBR,
766,Frantisek,Srna,TCH,
767,Marcel,Ankone,NED,
768,Giovanni,Proni,ITA,
769,Geza,Repitz,HUN,
770,Bela,Godany,HUN,
771,Borge W.,Nielsen,DAN,
772,B.,Miklos,?,
773,V.,Haeltert,?,
774,A.,Bertholet,?,
775,P.,Seljak,?,
776,H.,Kroismayr,AUT,
777,Bert,Mijland,NED,
778,Theo,Timmer,NED,
779,Bernd,Tungethal,GER,
780,Reiner,Richter,GER,
781,Benito,Jull,CUB,
782,L.,Uhlig,?,
783,E.,Borisenko,RUS,
784,Paolo,Isnardi,ITA,
785,Aramir,Brito,CUB,
786,Antonio,Garcia,CUB,
787,Ken,Redfern,?,
788,Tapio,Virtanen,FIN,
789,Remy,Hirschy,SWI,
790,Penty,Salonen,FIN,
791,Henk,Van Kessel,NED,
792,Victor,Palomo,SPA,
793,Olivier,Chevallier,FRA,
794,Werner,Giger,SWI,
795,Gianfranco,Bonera,ITA,
796,Georg,Pohlmann,GER,
797,Christian,Leon,FRA,
798,Wil,Hartog,NED,
799,Roger,Nichols,GBR,
800,Reinhard,Hiller,GER,
801,Dave,Hughes,GBR,
802,Mario,Lega,ITA,
803,Jean Francois,Baldé,FRA,
804,Udo,Kochanski,GER,
805,J.,Taylor,?,
806,Ted,Jansen,?,
807,Jean Paul,Boinet,FRA,
808,Graham,Bailey,GBR,
809,Bo,Brolin,SWE,
810,Jerome,Van Halter,NED,
811,Patrick,Pons,FRA,
812,Horst,Seel,GER,
813,Walter,Winkler,AUT,
814,Klaus,Leonhardt,GER,
815,Johann,Zemsauer,AUT,
816,Paolo,Pileri,ITA,
817,Rudolf,Weiss,AUT,
818,Walter,Kaletsch,GER,
819,Franz,Weidacher,?,
820,H.,Konschok,?,
821,Lothar,Mülbert,GER,
822,Herbert,Rittberger,GER,
823,J.,Roller,?,
824,R.,Bratenstein,?,
825,Kasimer,Rapczynski,?,
826,Rolf,Blatter,SWI,
827,Chris,Taylor,USA,
828,K.,Huggett,?,
829,Phil,Carpenter,GBR,
830,Helmut,Kassner,GER,
831,Niel,Tuxworth,GBR,
832,Ivan,Hodgkinson,GBR,
833,Clive,Horton,GBR,
834,Richard,Stevens,GBR,
835,Bob,Ware,GBR,
836,Gianni,Ribuffo,ITA,
837,Stefan,Dörflinger,SWI,
838,Piet,Vd Goorbergh,NED,
839,Ramon,Serrer,GER,
840,Ingermar,Larssen,SWE,
841,Leif,Gustafsson,SWE,
842,Hans,Hallberg,SWE,
843,Steffan,Liebst,SWE,
844,Lennart,Lundgren,SWE,
845,Pekka,Nurmi,FIN,
846,Philippe,Coulon,SWI,
847,Andre,Nuno,?,
848,Ricardo,Tormo,SPA,
849,Edmund,Czihak,GER,
850,Pete,McKinley,GBR,
851,Geoff,Barry,GBR,
852,Philippe,Gerard,FRA,
853,G.,Debrok,?,
854,Etienne,Delamarre,FRA,
855,Maurice,Maingret,FRA,
856,Günter,Schirnhofer,GER,
857,W.,Stephan,?,
858,Alfred,Heck,GER,
859,Winfried,Fries,GER,
860,Wolfgang,Rubel,GER,
861,Horst,Lahfeld,GER,
862,Fritz,Reitmaier,GER,
863,H.,Kittler,GER,
864,G.,Forderer,GER,
865,P.,Rüttjeroth,GER,
866,Arnulf,Teuchert,GER,
867,K.,Gaber,YUG,
868,J.,Kopitar,YUG,
869,Ingo,Emmerich,GER,
870,W.,Golembeck,?,
871,Peter,Ruttjeroth,?,
872,Peter,Frohnmeyer,GER,
873,G.,Elementi,?,
874,Armando,Toracca,ITA,
875,Hans,Mühlebach,SWI,
876,Pierpaolo,Bianchi,ITA,
877,Lorenzo,Ghiselli,ITA,
878,Luigi,Richetti,ITA,
879,Germano,Zanetti,ITA,
880,Julien,Van Zeebroeck,BEL,
881,W.,Werner,?,
882,C.,Guerrini,ITA,
883,Tony,Rogers,GBR,
884,Phil,Gurner,?,
885,Noel,Clegg,?,
886,Brian,Warburton,GBR,
887,John,Newbold,GBR,
888,Kenny,Roberts,USA,10
889,A.,Van Den Broecke,NED,
890,A.,Valster,NED,
891,A.,Van Der Draay,NED,
892,Takazumi,Katayama,JPN,
893,J.,Lazo,CUB,
894,Kjell,Solberg,NOR,
895,Robert,Laver,?,
896,B.,Rossel,?,
897,Steve,Tonkin,GBR,
898,Thierry,Van Der Veken,BEL,
899,Gerard,Choukroun,FRA,
900,Alan,North,RSA,
901,Edmar,Ferreira,BRA,
902,Francis,Holleberg,BEL,
903,Hans,Stadelmann,SWI,
904,Hans,Braumandl,AUT,
905,Bjorn,Hasli,NOR,
906,Bernard,Fau,FRA,
907,Rudolph,Keller,SWI,
908,Les,Kenny,GBR,
909,Johnny,Cecotto,VEN,
910,Jean Louis,Guignabodet,FRA,
911,CH,Huguet,?,
912,Philip,Bouzanne,FRA,
913,Ikujiro,Takai,JPN,
914,V.,Novella,ITA,
915,Xaver,Tschannen,SWI,
916,Jonnie,Ekerold,RSA,
917,Anton,Mang,GER,
918,Max,Wiener,AUT,
919,Patrick,Fernandez,FRA,
920,R.,Thiele,GER,
921,Marco,Lucchinelli,ITA,
922,Felice,Agostini,ITA,
923,Pier Luigi,Conforti,ITA,
924,Martin,Sharpe,?,
925,Eddie,Roberts,GBR,
926,R.,Cornelis,NED,
927,P.,Van Niel,NED,
928,Gerrit,Strikker,NED,
929,Juup,Bosman,NED,
930,Theo,Van Geffen,?,
931,M.,Arias,CUB,
932,Pierre,Audry,?,
933,J.,Svensson,SWE,
934,Per Edward,Carlsson,SWE,
935,Boet,Van Dulmen,NED,
936,K.,Gotesson,?,
937,Matti,Kinnunen,FIN,
938,Pat,Hennen,USA,
939,Stuart,Avant,NZE,
940,Virginio,Ferrari,ITA,
941,Christian,Estrosi,FRA,
942,John,Weeden,GBR,
943,Dave,Potter,GBR,
944,G.,Schwemmer,GER,
945,Jean Claude,Hogrel,FRA,
946,Yves,Le Tourmelin,?,
947,Werner,Schmied,AUT,
948,Franco,Uncini,ITA,
949,Kork,Ballington,RSA,
950,Eero,Hyvarinen,FIN,
951,Enrico,Cereda,ITA,
952,Auno,Hakala,FIN,
953,E.,Mischiatti,ITA,
954,S.,McClements,?,
955,Dennis,Casement,GBR,
956,P.,Cecchini,FRA,
957,Engelbert,Kip,?,
958,Patrick,Plisson,FRA,
959,Christian,Sarron,FRA,
960,Walter,Koschine,GER,
961,B.,Stopp,GER,
962,Wolfgang,Müller,?,
963,Steve,Baker,USA,
964,Steve,Parrish,GBR,
965,Steve,Wright,GBR,
966,Franz,Heller,GER,
967,Michael,Schmid,AUT,
968,Jean Philippe,Orban,BEL,
969,Franz,Rau,GER,
970,Kevin,Wrettom,GBR,
971,P.,Mezerhane,?,
972,C.,Bellon,?,
973,Eduardo,Aleman,VEN,
974,R.,Tausani,?,
975,Aldo,Nannini,VEN,
976,M.,Corradini,COL,
977,Ivan,Palazzese,VEN,
978,Rino,Pretelli,ITA,
979,Willy,Perez,ARG,
980,Rafael,Olavarria,VEN,
981,Christian,Parzer,AUT,
982,Akihiko,Kiyohara,JPN,
983,Vinicio,Salmi,ITA,
984,Barry,Ditchburn,GBR,
985,Giuseppe,Zigiotto,ITA,
986,Hagen,Klein,GER,
987,Jacques,Hutteau,FRA,
988,D.,Boulom,?,
989,Victor,Soussan,AUS,
990,Vanes,Francini,ITA,
991,Maurizio,Massimiani,ITA,
992,Sauro,Pazzaglia,ITA,
993,Paolo,Cipriani,ITA,
994,Guy,Bertin,FRA,
995,Peter,Looijensteijn,NED,
996,Masahiro,Wada,JPN,
997,C.,Dumont,?,
998,Thierry,Noblesse,FRA,
999,Seppo,Rossi,FIN,
1000,Thierry,Espié,FRA,
1001,B.,Johansson,SWE,
1002,Alan,Stewart,?,
1003,Michel,Frutschi,SWI,
1004,Eric,Saul,FRA,
1005,Steve,Manship,GBR,
1006,Graziano,Rossi,ITA,
1007,Roberto,Pietri,VEN,
1008,Gianni,Rolando,ITA,
1009,Gerhardt,Vogt,GER,
1010,Leandro,Becheroni,ITA,
1011,Jurgen,Steiner,GER,
1012,Carlo,Perugini,ITA,
1013,Dennis,Ireland,NZE,
1014,Kenny,Blake,AUS,
1015,A.,Piccioni,?,
1016,Carlos,Lavado,VEN,
1017,T.,Henter,USA,
1018,Victor,Leon,VEN,
1019,Alejandro,Aleman,VEN,
1020,Ricardo,Russo,ITA,
1021,Claudio,Granata,ITA,
1022,Luciano,Schiavone,ITA,
1023,Greg,Hansford,AUS,
1024,Ray,Quincey,AUS,
1025,M.,Cortes,SPA,
1026,Daniel,Corvi,?,
1027,J.,Mira,?,
1028,Raymond,Roche,FRA,
1029,Alois,Meyer,GER,
1030,A.,Jeva,?,
1031,S.,Monreale,?,
1032,B.,Wilbers,NED,
1033,August,Auinger,AUT,
1034,Clive,Padgett,GBR,
1035,Hervi,Moineau,FRA,
1036,Dick,Alblas,NED,
1037,Jack,Middelburg,NED,
1038,Roland,Freymond,SWI,
1039,Marc,Fontan,FRA,
1040,Y.,Dupont,FRA,
1041,Benny,Janssen,NED,
1042,Rainer,Scheidhauer,GER,
1043,Randy,Mamola,USA,
1044,Mike,Baldwin,USA,
1045,Gary,Lingham,GBR,
1046,Gustav,Reiner,GER,
1047,Hiroyuki,Kawasaki,JPN,
1048,Henk,De Vries,NED,
1049,Jodef,Hage,GER,
1050,Jacky,Matagne,BEL,
1051,Sergio,Pellandini,SWI,
1052,Guy,Cooremans,BEL,
1053,John,Woodley,GBR,
1054,Peter,Sjostrom,SWE,
1055,Dieter,Heinen,BEL,
1056,Gianni,Pelletier,ITA,
1057,Fernando,Gonzales De N.,SPA,
1058,P.,Herouard,?,
1059,J.F.,Lecureux,FRA,
1060,Ivan,Troisi,VEN,
1061,F.,Granon,FRA,
1062,J.P.,Magnoni,FRA,
1063,Edi,Stoellinger,AUT,
1064,Richard,Hubin,BEL,
1065,Y.,Matsumoto,JPN,
1066,Alfred,Waibel,GER,
1067,Gerhard,Waibel,GER,
1068,Sadao,Asami,JPN,
1069,Jeffrey,Sayle,AUS,
1070,M.,Sayle,AUS,
1071,E.,Elias,?,
1072,Reinhold,Roth,GER,
1073,A.,Faccioli,ITA,
1074,Massimo,Matteoni,ITA,
1075,Paolo,Ferretti,ITA,
1076,M.,Servadio,?,
1077,E.,Saffioti,ITA,
1078,Paolo,Priori,ITA,
1079,Gianpaolo,Marchetti,ITA,
1080,Daniel,Mateos,?,
1081,Joaquim,Gali,SPA,
1082,P.,Verbic,YUG,
1083,Graham,Singer,?,
1084,Graeme,McGregor,AUS,
1085,Michel,Simeon,BEL,
1086,Rinus,Van Kasteren,NED,
1087,Marc,Garcia,FRA,
1088,M.,Van Soest,NED,
1089,Paul,Bordes,FRA,
1090,Anton,Straver,NED,
1091,R.,Reneir,BEL,
1092,R.,Oosting,?,
1093,Lennart,Backstrom,SWE,
1094,Willem,Zoet,NED,
1095,S.,Janssen,GER,
1096,Dario,Marchetti,ITA,
1097,Johnny,Wickstroem,FIN,
1098,B.,Elgh,SWE,
1099,Keith,Huewen,GBR,
1100,Tony,Head,GBR,
1101,Herve,Guilleux,FRA,
1102,Joey,Dunlop,GBR,
1103,Graeme,Crosby,NZE,
1104,Sito,Pons,SPA,
1105,Guido,Paci,ITA,
1106,Marco,Papa,ITA,
1107,Giuseppe,Ascareggi,ITA,
1108,Jacques,Cornu,SWI,
1109,Hugo,Vignetti,ARG,
1110,R.,Sibille,FRA,
1111,A.,Gouin,FRA,
1112,Loris,Reggiani,ITA,
1113,Jean Claude,Selini,FRA,
1114,Jean Marc,Toffolo,BEL,
1115,Didier,De Radigues,BEL,
1116,Rene,Deláby,BEL,
1117,Hans,Spaan,NED,
1118,Otto,Machinek,AUT,
1119,Frank,Gross,FRA,
1120,Titer,Balaz,TCH,
1121,Jacques,Bolle,FRA,
1122,Michel,Galbit,FRA,
1123,Jhonni,Baeckstroem,SWE,
1124,Jean Louis,Tournadre,FRA,
1125,Herbert,Hauf,GER,
1126,Martin,Wimmer,GER,
1127,H.,Tomic,GER,
1128,G.,Boehl,?,
1129,Chris,Guy,GBR,
1130,Kimmo,Kopra,FIN,
1131,Maurizio,Vitali,ITA,
1132,R.,Schlachter,USA,
1133,J.,Genoud,SWI,
1134,Gerhard,Bauer,GER,
1135,K.,Kull,?,
1136,H.,Engelhardt,?,
1137,M.,Musco,ITA,
1138,Michele,Ettore,ITA,
1139,P.,Kambourian,?,
1140,Pierre,Bolle,FRA,
1141,Marc,Schouten,NED,
1142,Chris,Baert,BEL,
1143,R.,Ruosi,ITA,
1144,Olivier,Liégeois,BEL,
1145,Erich,Klein,AUT,
1146,Freddie,Spencer,USA,
1147,Philippe,Robinet,FRA,
1148,Andreas,Hofmann,GER,
1149,F.,Cerdera,?,
1150,Harald,Eckl,GER,
1151,Siegfried,Minich,AUT,
1152,Wolfgang,Von Muralt,SWI,
1153,Pierluigi,Aldrovandi,ITA,
1154,H.,Lichtenberg,GER,
1155,Gabriel,Grabia,FRA,
1156,Alex,Bedford,GBR,
1157,Esa,Kytölä,FIN,
1158,Antonio,Neto,BRA,
1159,Jorge,Martinez,SPA,
1160,Fabio,Biliotti,ITA,
1161,Attilio,Riondato,?,
1162,Massimo,Broccoli,ITA,
1163,Marcellino,Lucchi,ITA,
1164,Domenico,Brigaglia,ITA,
1165,Luigi,Piccirillo,ITA,
1166,Massimo,De Lorenzi,ITA,
1167,D.,Priori,?,
1168,Ron,Haslam,GBR,
1169,R.,Eskelinen,FIN,
1170,Paul,Rimmelzwaan,NED,
1171,Jean Michel,Mattioli,FRA,
1172,Alan,Watts,AUS,
1173,Jikka,Jaakkola,FIN,
1174,M.,Mordenti,ITA,
1175,Ernst,Gschwender,GER,
1176,Manfred,Herweh,GER,
1177,Franz,Kaserer,?,
1178,Eddie,Lawson,USA,
1179,Paul,Lewis,AUS,
1180,Mark,Salle,GBR,
1181,Alfons,Ammerschlager,GER,
1182,Thierry,Rapicault,FRA,
1183,Robbie,Petersen,USA,
1184,Alan,Carter,GBR,
1185,Carlos,Cardús,SPA,
1186,Thomas,Pedersen,DAN,
1187,Patrick,Lagrive,FRA,
1188,Bady,Hassaine,ALG,
1189,Hans,Koopman,NED,
1190,Jos,Van Dongen,NED,
1191,Zdravko,Matulja,YUG,
1192,Karl,Grässel,GER,
1193,Edwin,Weibel,SWI,
1194,Ezio,Gianola,ITA,
1195,Fausto,Gresini,ITA,
1196,Stefano,Caracchi,ITA,
1197,Lucio,Pietroniro,BEL,
1198,Andres,Sanchez,SPA,
1199,Janez,Pintar,YUG,
1200,Bruno,Luscher,SWI,
1201,Donnie,Mcleod,GBR,
1202,Ian,McConnachie,GBR,
1203,Alojz,Pavlic,YUG,
1204,Teruo,Fukuda,JPN,
1205,Maurizio,Stocco,ITA,
1206,Rob,Punt,NED,
1207,Stephane,Mertens,BEL,
1208,Jussi,Hautaniemi,FIN,
1209,Wayne,Gardner,AUS,
1210,Simon,Buckmaster,GBR,
1211,Robin,Appleyard,GBR,
1212,Chris,Fisher,DAN,
1213,Peter,Linden,SWE,
1214,Hakan,Olsson,SWE,
1215,Rob,Mcelnea,GBR,
1216,Tadahiko,Taira,JPN,
1217,Christian,Le Liard,FRA,
1218,Roger,Marshall,GBR,
1219,Armando,Errico,ITA,
1220,Brett,Hudson,RSA,
1221,Mario,Rademeyer,RSA,
1222,Oscar,La Ferla,ITA,
1223,Fausto,Ricci,ITA,
1224,Wayne,Rainey,USA,
1225,Luca,Cadalora,ITA,
1226,Hubert,Abold,GER,
1227,Wim,Heykamp,?,
1228,Reinhard,Koberstein,GER,
1229,Salvatore,Milano,ITA,
1230,Reiner,Koster,SWI,
1231,Luis Miguel,Reyes,SPA,
1232,Manuel,Herreros,SPA,
1233,Manfred,Fischer,GER,
1234,Thomas,Engl,?,
1235,Henk,Van Der Mark,NED,
1236,Vincenzo,Cascino,?,
1237,Willem,Heykoop,NED,
1238,George,Looijesteyn,NED,
1239,Serge,Julin,BEL,
1240,Bernd,Rossbach,GER,
1241,Dave,Petersen,ZIM,
1242,maurice,Coq,FRA,
1243,Claude,Arciero,FRA,
1244,Marco,Gentile,ITA,
1245,Jean-Luc,Guillemet,FRA,
1246,Karl,Truchsess,AUT,
1247,Josef,Doppler,AUT,
1248,Niel,Robinson,GBR,
1249,Juan,Garriga,SPA,
1250,Maarten,Duyzers,NED,
1251,Cees,Doorakkers,NED,
1252,Bert,Smit,NED,
1253,Mile,Pajic,NED,
1254,Andy,Watts,GBR,
1255,Niall,Mackenzie,GBR,
1256,Mike,Leitner,AUT,
1257,Roger,Burnett,GBR,
1258,Anders,Anderson,SWE,
1259,Herbert,Besendörfer,GER,
1260,Alessandro,Valesi,ITA,
1261,Gerd,Kafka,AUT,
1262,Dominique,Sarron,FRA,
1263,Hans,Lindner,AUT,
1264,Jean,Foray,FRA,
1265,Patrick,Igoa,FRA,
1266,Massimo,Messere,ITA,
1267,Dave,Estment,RSA,
1268,Harald,Becker,GER,
1269,Antonio,Perez,SPA,
1270,Antonio,Boronat,SPA,
1271,Thierry,Feuz,SWI,
1272,Fernando,Gonzalez,SPA,
1273,Richard,Bay,FRA,
1274,Jean-Marc,Velay,FRA,
1275,Ricardo,Blanco,ARG,
1276,Willi,Hupperich,GER,
1277,Stefan,Prein,GER,
1278,Joan,Bolart,SPA,
1279,Andy,Leuthe,LUX,
1280,Michel,Escudier,FRA,
1281,Giuliano,Tabanelli,ITA,
1282,Jamie,Lodge,?,
1283,Herri,Torrontegui,SPA,
1284,Norbert,Peschke,GER,
1285,Adi,Stadler,GER,
1286,Josef,Hutter,AUT,
1287,René,Dünki,SWI,
1288,Pierre-Etienne,Samin,FRA,
1289,Cees,Besseling,NED,
1290,Domingo,Gil,SPA,
1291,Jose,Saez,SPA,
1292,Kenny,Irons,GBR,
1293,Michael,McGarrity,IRL,
1294,Gary,Noel,GBR,
1295,Gastone,Grassetti,ITA,
1296,Vincenzo,Sblendorio,ITA,
1297,Pierfrancesco,Chili,ITA,
1298,Shunji,Yatsushiro,JPN,
1299,Kevin,Schwantz,USA,
1300,Paolo,Casoli,ITA,
1301,Juan,Esteve,SPA,
1302,Bruno,Bonhuil,FRA,
1303,Gerold,Fisher,GER,
1304,Helmut,Schutz,GER,
1305,Ian,Newton,GBR,
1306,Jochen,Schmid,GER,
1307,Ernst,Himmelsbach,GER,
1308,Josef,Fischer,AUT,
1309,Felix,Rodriguez,SPA,
1310,Alex,Barros,BRA,4
1311,Andy,Preining,AUT,
1312,Thomas,Bacher,AUT,
1313,Fabio,Barchitta,ITA,
1314,Helmut,Bradl,GER,
1315,Masaru,Mizutani,JPN,
1316,Urs,Lüzi,SWI,
1317,Gerard,Van Der Wal,NED,
1318,Robin,Milton,GBR,
1319,Ton,Spek,NED,
1320,Mark,Phillips,GBR,
1321,Georg,Jung,GER,
1322,Paul,Ramon,BEL,
1323,Dave,Griffith,GBR,
1324,Alberto,Rota,ITA,
1325,Bernhard,Absmeier,GER,
1326,Alain,Kempener,BEL,
1327,Peter,Sommer,SWI,
1328,Patrick,Daudier,FRA,
1329,Jan,Eggens,NED,
1330,Dietmar,Mayer,GER,
1331,Konrad,Hefele,GER,
1332,Eric,Gijsel,BEL,
1333,Steve,Manley,GBR,
1334,Carl,Fogarty,GBR,
1335,Osamu,Hiwatashi,JPN,
1336,Garry,Cowan,IRL,
1337,Wilco,Zeelenberg,NED,
1338,Dennis,Batchelor,GBR,
1339,Philippe,Pagano,FRA,
1340,Bruno,Casanova,ITA,
1341,Claudio,Cipriani,ITA,
1342,Kevin,Magee,AUS,
1343,Shinichi,Ito,JPN,72
1344,Alan,Scott,USA,
1345,Shinji,Katayama,JPN,
1346,Takumi,Ito,JPN,
1347,Masaru,Kobayashi,JPN,
1348,Masao,Shimizu,JPN,
1349,Masumitsu,Taguchi,JPN,
1350,Takayoshi,Yamamoto,JPN,
1351,Toshihiro,Wakayama,JPN,
1352,Keiji,Tamura,JPN,
1353,Richard,Scott,NZE,
1354,Daniel,Amatriain,SPA,
1355,Tony,Carey,IRL,
1356,Jean Philippe,Ruggia,FRA,
1357,Alain,Bronec,FRA,
1358,Herve,Duffard,FRA,
1359,Juan,Lopez Mella,SPA,
1360,Claudio,Macciotta,ITA,
1361,Alex,Criville,SPA,
1362,Julian,Miralles,SPA,84
1363,Jörg,Seel,GER,
1364,Xavier,Arumi,?,
1365,Erich,Neumair,AUT,
1366,Heinz,Paschen,GER,
1367,Michael,Gschwender,?,
1368,Ralf,Waldmann,GER,95
1369,Károly,Juhász,HUN,
1370,Vittorio,Scatola,ITA,
1371,Corrado,Catalano,ITA,
1372,Stuart,Edwards,GBR,
1373,Wilhelm,Horhager,GER,
1374,Urs,Jücker,SWI,
1375,Flemming,Kistrup,DAN,
1376,Mathias,Ehinger,?,
1377,Peter,Oettl,GER,
1378,Kevin,Mitchell,GBR,
1379,Zdravko,Leljak,YUG,
1380,Brane,Rokavec,YUG,
1381,Xavier,Cardelus,AND,
1382,Alberto,Puig,SPA,
1383,Patrick,Vd Goorbergh,NED,
1384,Rachel,Nicotte,FRA,
1385,Christian,Boudinot,FRA,
1386,Andy,Machin,GBR,
1387,Bernard,Haenggeli,SWI,
1388,Nigel,Bosworth,GBR,
1389,Kris,Galatowicz,GBR,
1390,Jacques,Bernard,BEL,
1391,Taru,Rinne,FIN,
1392,Stefan,Brägger,SWI,
1393,Romolo,Balbi,ITA,
1394,Renato,Colleoni,ITA,
1395,Stefano,Bianchi,ITA,
1396,Emilio,Cuppini,ITA,
1397,Lionel,Robert,FRA,
1398,Antonio,Oliveros,SPA,
1399,Luis,Lavado,VEN,
1400,Hikaru,Miyagi,JPN,
1401,Katsuaki,Fujiwara,JPN,
1402,Peter,Schleef,GER,
1403,Michael,Rudroff,GER,
1404,John,Kocinski,USA,
1405,Toshihiko,Honma,JPN,
1406,Seigo,Kikuchi,JPN,
1407,Kyoji,Nanba,JPN,
1408,Youichi,Yamamoto,JPN,
1409,Yoshiari,Hori,JPN,
1410,Hideshi,Tomita,JPN,
1411,Katsuyoshi,Kozono,JPN,
1412,Jim,Filice,USA,
1413,Bubba,Shobert,USA,
1414,Randy,Renfrow,USA,
1415,Rich,Oliver,USA,
1416,John,Cornwell,CAN,
1417,Niggi,Schmassman,SWI,
1418,Hisashi,Unemoto,JPN,
1419,Koji,Takada,JPN,
1420,Heinz,Lüthi,SWI,
1421,Manuel,Hernandez,SPA,43
1422,Bogdan,Nikolov,BUL,
1423,Andrie,Nijenhuis,NED,
1424,Antonio,Sanchez,SPA,
1425,Jorge,Cabanes,SPA,
1426,Gabriele,Gnani,ITA,
1427,Jaime,Mariano,SPA,
1428,Cyril,Julian,?,
1429,Ralf,Hobl,?,
1430,Hermann,Holder,GER,
1431,Reinhard,Strack,GER,
1432,Eddie,Laycock,IRL,
1433,Roberto,Sassone,ITA,
1434,Johan,Ten Napel,NED,
1435,Silvo,Habat,YUG,
1436,Jean-Luc,Demierre,SWI,
1437,Pavol,Dekanek,CZE,
1438,Ari,Rämö,FIN,
1439,Malcolm,Campbell,AUS,
1440,Janos,Szabo,HUN,
1441,Gilles,Riva,FRA,
1442,Alan,Patterson,GBR,
1443,Norihiko,Fujiwara,JPN,
1444,Sergio,Granton,ARG,
1445,Mick,Doohan,AUS,
1446,Jose,Morillas,?,
1447,A.,Mayer,?,
1448,Michael,Dowson,AUS,
1449,Fred,Merkel,USA,
1450,Thierry,Crine,FRA,
1451,Kunio,Machii,JPN,
1452,Tadayuki,Okada,JPN,8
1453,Toshinobu,Shiomori,JPN,
1454,Junya,Arai,JPN,
1455,Masayuki,Hirose,JPN,
1456,Kenichi,Yoshida,JPN,
1457,Masato,Shima,JPN,
1458,Yutaka,Fujiwara,JPN,
1459,Kazuaki,Yamashita,JPN,
1460,Shinichi,Fujiyama,JPN,
1461,Kazuja,Yamada,JPN,
1462,Kazunari,Wada,JPN,
1463,Daryl,Beattie,AUS,
1464,Roy,Leslie,AUS,
1465,Stephen,Whitehouse,AUS,
1466,Rene,Bongers,AUS,
1467,Darren,Milner,AUS,
1468,David,Horton,AUS,
1469,Brent,Jones,NZE,
1470,David,Moore,AUS,
1471,Ian,Saunders,GBR,
1472,Peter,Galvin,AUS,
1473,Rafael,Roses,SPA,
1474,Michael,Brown,AUS,
1475,Steve,Brouggy,AUS,
1476,Michael,Haisman,AUS,
1477,Claude,Albert,FRA,
1478,Adrien,Morillas,FRA,
1479,Ricard,Jove,SPA,
1480,Luis,D'Antin,SPA,
1481,Renzo,Colleoni,ITA,
1482,Doriano,Romboni,ITA,
1483,Stefan,Kurfiss,GER,
1484,Hansjörg,Butz,GER,
1485,Bernd,Kassner,GER,
1486,Dirk,Raudies,GER,
1487,Klaus-Dieter,Kindle,?,
1488,Maik,Stief,GER,
1489,Bernd,Völkel,?,
1490,A.,Berghammer,AUT,
1491,Manfred,Baumann,AUT,
1492,Michele,Valdo,ITA,
1493,Martin,Trösch,GER,
1494,F.,Beck,SWI,
1495,Gabriele,Debbia,ITA,
1496,Othmar,Schuler,SWI,
1497,Luis,Alvaro,SPA,
1498,Laurent,Naveau,BEL,
1499,Frederic,Protat,FRA,
1500,Jean Pierre,Jeandat,FRA,
1501,Francisco,Debon,SPA,
1502,Peter,Graves,GBR,
1503,Steve,Patrickson,GBR,
1504,Rob,Orme,GBR,
1505,Torbjorn,Bastiansen,NOR,
1506,Arpad,Harmati,HUN,
1507,Peter,Goddard,AUS,
1508,Tetsuya,Harada,JPN,
1509,Nobuatsu,Aoki,JPN,9
1510,Tsumoto,Udagawa,JPN,
1511,Yukio,Nukumi,JPN,
1512,Yoshiyuki,Sugai,JPN,
1513,Akio,Mitoma,JPN,
1514,Jose,Barresi,VEN,
1515,Kinya,Wada,JPN,
1516,Loris,Capirossi,ITA,65
1517,Yoshifumi,Ichimiya,JPN,
1518,Yukiho,Hinokio,JPN,
1519,Fuyuki,Yamazaki,JPN,
1520,Noboiuki,Wakai,JPN,
1521,Soichiro,Satoh,JPN,
1522,Yosuke,Yamakawa,JPN,
1523,Andrea,Borgonovo,ITA,
1524,Chris,D'Aluisio,USA,
1525,Daniel,Coe,USA,
1526,Alessandro,Gramigni,ITA,
1527,Oliver,Petrucciani,SWI,
1528,Trevor,Manley,AUS,
1529,Ricky,Rice,AUS,
1530,David,Evelyn,AUS,
1531,Gavin,Johnston,AUS,
1532,Terry,Paviell,AUS,
1533,Peter,McFayden,AUS,
1534,Linda,Walsh,AUS,
1535,David,Mayne,AUS,
1536,Tony,Daly,AUS,
1537,Peter,Scott,AUS,
1538,Doug,Chandler,USA,
1539,Keiichiro,Iwahashi,JPN,
1540,Steve,Spray,GBR,
1541,Satoshi,Tsujimoto,JPN,
1542,Tasuro,Arata,JPN,
1543,Toshi,Arakaki,JPN,
1544,Osamu,Miyazaki,JPN,
1545,Takehiko,Kurokawa,JPN,
1546,Leon,Van Der Heyden,NED,
1547,Yoshomasa,Kato,JPN,
1548,Noboru,Ueda,JPN,
1549,Akira,Saito,JPN,
1550,Gimmi,Bosio,ITA,
1551,Arie,Molenaar,NED,
1552,Hideaki,Ueno,JPN,
1553,Masafumi,Ono,JPN,
1554,Warren,Palesy,AUS,
1555,Scott,Buckley,NZE,
1556,Kazuto,Sakata,JPN,
1557,Ken,Fisher,AUS,
1558,Tony,Sims,AUS,
1559,Nick,Lenatsch,USA,
1560,Rick,Kirk,USA,
1561,Mike,Sullivan,USA,
1562,Erkka,Korpiaho,FIN,
1563,Serafino,Foti,ITA,
1564,Wolfgang,Fritz,GER,
1565,Eskil,Suter,SWI,
1566,Stefano,Pennese,ITA,
1567,Max,Biaggi,ITA,3
1568,Jurgen,Vd Goorbergh,NED,16
1569,Steve,Hislop,GBR,
1570,Carlos,Giro Jr.,SPA,
1571,Miguel,Duhamel,CAN,17
1572,Ken,Ohashi,JPN,
1573,Terry,Rymer,GBR,
1574,Jamie,Whitham,GBR,
1575,Keiji,Ohishi,JPN,
1576,Serge,David,SWI,
1577,Sadanori,Hikita,JPN,
1578,Adrian,Bosshard,SWI,
1579,Yves,Briguet,SWI,
1580,Bernard,Cazade,FRA,
1581,Oliver,Koch,GER,
1582,Tomoko,Igata,JPN,
1583,Takao,Shimizu,JPN,
1584,Andrew,Thompson,AUS,
1585,Loek,Bodelier,NED,
1586,Malcolm,Yeo,AUS,
1587,Giovanni,Palmieri,SWI,
1588,Sete,Gibernau,SPA,15
1589,Giuseppe,Fiorillo,ITA,
1590,Manuel,Luque,SPA,
1591,Armando,Narduzzi,ITA,
1592,Lucio,Pedercini,ITA,
1593,Michele,Gallina,ITA,
1594,Javier,Rodriguez,SPA,
1595,Juan,Borja,SPA,
1596,Evren,Bischoff,GER,
1597,Volker,Bahr,GER,
1598,Oliver,Kohlinger,GER,
1599,Fokko,Kuiper,NED,
1600,Andrew,Stroud,NZE,
1601,Jose,Kuhn,FRA,
1602,Tibor,Kis,HUN,
1603,Attila,Szabo,HUN,
1604,Jean Michel,Bayle,FRA,
1605,S.,Prein,?,
1606,Noel,Ferro,FRA,
1607,Regis,Laconi,FRA,
1608,Neil,Hodgson,GBR,
1609,W.,Catania,SWI,
1610,Mike,Wilson,RSA,
1611,Martin,Paetzold,RSA,
1612,Gavin,Ramsay,RSA,
1613,Manie,Maritz,?,
1614,Brendon,Crookes,RSA,
1615,Matt,Mladin,AUS,
1616,John,Reynolds,GBR,
1617,Bernard,Garcia,FRA,
1618,Sean,Emmett,GBR,
1619,Jeremy,Mcwilliams,GBR,99
1620,Simon,Crafar,NZE,
1621,James,Haydon,GBR,
1622,Andreas,Meklau,AUT,
1623,Jean Luc,Romanens,SWI,
1624,Massimo,Pennacchioli,ITA,
1625,Takeshi,Tsujimura,JPN,
1626,Garry,Mccoy,AUS,8
1627,Luigi,Ancona,ITA,
1628,Haruchika,Aoki,JPN,
1629,Manfred,Geissler,GER,
1630,Luis Carlos,Maurel,SPA,
1631,Shahrun,Nizam,MAL,
1632,Takuma,Aoki,JPN,
1633,Hideyuki,Nakajoh,JPN,
1634,Ken,Miyasaka,JPN,
1635,Jehan,D'Orgeix,FRA,
1636,Lucio,Cecchinello,ITA,
1637,José Luís,Rabadan,SPA,
1638,Aki,Ajo,FIN,
1639,Simone,Giannecchini,ITA,
1640,Gerwin,Hofer,AUT,
1641,Georg,Scharl,AUT,
1642,Alexander,Schaden,GER,
1643,Rudie,Markink,NED,
1644,Ron,Reniers,NED,
1645,Pere,Riba,SPA,
1646,Oscar,Sainz,SPA,
1647,Carlos,Checa,SPA,7
1648,David,Jefferies,GBR,
1649,Claudio,Tonnini,RSM,
1650,Sinya,Sato,JPN,
1651,Ivan,Cremonini,ITA,
1652,Daniela,Tognoli,ITA,
1653,Kevin,Mawdsley,GBR,
1654,Jamie,Robinson,GBR,
1655,Bohumil,Stasa Jr.,CZE,
1656,Marek,Moravek,CZE,
1657,Jaroslav,Hules,CZE,
1658,Davide,Bulega,ITA,
1659,Stefano,Perugini,ITA,
1660,Kenny,Roberts Jr,USA,10
1661,Jean-Marc,Deletang,FRA,
1662,Miguel,Castilla,SPA,
1663,Josep,Sarda,SPA,
1664,Norick,Abe,JPN,
1665,Cristiano,Migliorati,ITA,
1666,Scott,Doohan,AUS,
1667,Udo,Mark,GER,
1668,Craig,Connell,AUS,
1669,Jose Luis,Cardoso,SPA,30
1670,Krisse,Kaas,FIN,
1671,Enrique,De Juan,SPA,
1672,Rodney,Fee,CAN,
1673,Masaki,Tokudome,JPN,79
1674,Gianluigi,Scalvini,ITA,
1675,Frederic,Petit,FRA,
1676,Glen,Richards,AUS,
1677,Vittorio,Lopez,ITA,
1678,Meng,Heng Kuan,MAL,
1679,Chee,Kieong Soong,MAL,
1680,Yoshiaki,Katoh,JPN,
1681,Lothar,Neukirchner,GER,
1682,Tohru,Ukawa,JPN,72
1683,Kunihiro,Amano,JPN,
1684,Emilio,Alzamora,SPA,
1685,Juan Enrique,Maturana,SPA,
1686,Nicolas,Dussauge,FRA,
1687,Jurgen,Fuchs,GER,
1688,Tomomi,Manako,JPN,
1689,Rick,Van Etten,NED,
1690,Juanlino,Kirindongo,NED,
1691,Marcel,Nooren,NED,
1692,Ermanno,Bastianini,ITA,
1693,Roberto,Locatelli,ITA,15
1694,Yasuaki,Takahashi,JPN,
1695,Bertrand,Stey,FRA,
1696,Frank,Baldinger,GER,
1697,Sebastian,Scarnato,FRA,
1698,Donnie,Hough,USA,
1699,Gregory,Fouet,FRA,
1700,Fabien,Rousseau,FRA,
1701,Nick,Hopkins,GBR,
1702,Eugene,McManus,GBR,
1703,Darren,Barton,GBR,
1704,Michael,Liedl,GER,
1705,Max,Gambino,ITA,
1706,Takahito,Mori,USA,
1707,Kevin,Murray,USA,
1708,Nestor,Amoroso,ARG,
1709,Pablo,Zeballos,ARG,
1710,Scott,Russell,USA,
1711,Martin,Craggill,AUS,
1712,Marcus,Payten,AUS,
1713,Gregorio,Lavilla,SPA,
1714,Olivier,Jacque,FRA,19
1715,Hiroyuki,Kikuchi,JPN,
1716,Andrea,Ballerini,ITA,8
1717,Takehiro,Yamamoto,JPN,43
1718,Tetsu,Ito,JPN,
1719,Masaki,Morikane,JPN,
1720,Shigeru,Ibaraki,JPN,
1721,Youichi,Ui,JPN,88
1722,Masayuki,Azami,JPN,
1723,Brian,Morrison,GBR,
1724,Ramón,Mesa,SPA,
1725,Javier,Diaz,SPA,
1726,Javier,Marsella,SPA,
1727,Jose,Dubon,SPA,
1728,Francisco,Padro,SPA,
1729,Markus,Gemperle,SWI,
1730,Mathias,Neukirchen,GER,
1731,Scott,Gray,USA,
1732,Massimo,Ottobre,ITA,
1733,Luca,Boscoscuro,ITA,
1734,Cristian,Caliumi,ITA,
1735,Stefano,Cruciani,ITA,
1736,Maurice,Bolwerk,NED,
1737,Fank,Van Zutphen,NED,
1738,Rudy,Mulder,NED,
1739,Massimiliano,D'Agnano,ITA,
1740,Bas,Den Breejen,NED,
1741,Rob,Filart,NED,
1742,Peter,Den Heyer,NED,
1743,Florian,Ferracci,FRA,
1744,Chris,Walker,GBR,
1745,Scott,Smart,GBR,
1746,Pete,Jennings,GBR,
1747,Christian,Kellner,GER,
1748,Ruben,Xaus,SPA,11
1749,Uwe,Bolteraurer,AUT,
1750,Benjamin,Weiss,GER,
1751,Lee,Pullan,GBR,
1752,Sebastian,Porto,ARG,19
1753,Markus,Ober,GER,
1754,Damian,Pereyra,ARG,
1755,Gaston,Ruaben,ARG,
1756,Raul,Loscos,SPA,
1757,David,De Gea,SPA,52
1758,Alexander,Folger,GER,
1759,David,Garcia,SPA,
1760,Paul,Young,AUS,
1761,Shahrol,Yuzy,MAL,
1762,Valentino,Rossi,ITA,46
1763,Paolo,Tessari,ITA,
1764,Ivan,Goi,ITA,
1765,Yau Chuen,Tang,MAL,
1766,Yasu,Hatakeyama,JPN,
1767,Christophe,Cogan,FRA,
1768,Petrus,Canisius,INA,
1769,Ahmed,Jayadi,INA,
1770,Noriyasu,Numata,JPN,
1771,Daijiro,Kato,JPN,
1772,Kensuke,Haga,JPN,
1773,Masao,Azuma,JPN,
1774,Shinichi,Sugaya,JPN,
1775,Mokoto,Ono,JPN,
1776,Jose Ramon,Ramirez,SPA,
1777,Alessandro,Antonello,ITA,
1778,Franco,Battaini,ITA,27
1779,Roberto,Rolfo,ITA,44
1780,Roberto,Bellei,ITA,
1781,Gino,Borsoi,ITA,
1782,William,Costes,FRA,
1783,Sebastien,Gimbert,FRA,
1784,Gilles,Ferstler,FRA,
1785,Angel,Nieto Jr.,SPA,
1786,Andre,Romein,NED,
1787,Jaap,Hoogeveen,NED,
1788,Jarno,Janssen,NED,
1789,Gerard,Rike,NED,
1790,Gilbert,De Rover,NED,
1791,Michael,Schulten,GER,
1792,Steve,Jenkner,GER,17
1793,Steve,Sawford,GBR,
1794,Chris,Palmer,GBR,
1795,Richard,Haidegger,AUT,
1796,Thomas,Stadler,AUT,
1797,Johann,Wolfsteiner,AUT,
1798,Harald,Danninger,AUT,
1799,Vladimir,Castka,SVK,
1800,Andrea,Zappa,ITA,
1801,Maurizio,Cucchiarini,ITA,
1802,Francisco,Riquelme,SPA,
1803,Ismael,Bonilla,SPA,
1804,Vicente,Esparragoso,SPA,
1805,Mirko,Giansanti,ITA,32
1806,Daniel,Ribalta,SPA,
1807,Federico,Gartner,ARG,
1808,Fernando,Flores,ARG,
1809,Andrew,Willy,AUS,
1810,Jason,Van Vliet,AUS,
1811,Anthony,Gobert,AUS,
1812,Kirk,McCarthy,AUS,
1813,Troy,Corser,AUS,
1814,Yukio,Kagayama,JPN,
1815,Jay,Vincent,GBR,
1816,Eustaquio,Gavira,SPA,
1817,Kurtis,Roberts,USA,80
1818,Chao,Chee Hou,MAL,
1819,Paholayuth,Kalachan,THA,
1820,Naoki,Matsudo,JPN,45
1821,Naoto,Ogura,JPN,
1822,Choujun,Kameya,JPN,
1823,Idalio,Gavira,SPA,
1824,Kazuhiro,Takao,JPN,
1825,Katsuji,Uezu,JPN,
1826,Jun,Inageda,JPN,
1827,Yuzo,Fujioka,JPN,
1828,Toshiaki,Ozawa,JPN,
1829,Fonsi,Nieto,SPA,10
1830,Francesco,Monaco,ITA,
1831,Walter,Tortoroglio,ITA,
1832,Simone,Sanna,ITA,
1833,Bernd,Holzleitner,AUT,
1834,Claudio,Vanzetta,SWI,
1835,Frederic,Boutin,FRA,
1836,Benny,Jerzenbeck,GER,
1837,Vincent,Philippe,FRA,
1838,Patrick,Detot,FRA,
1839,Henk,Vd Lagemaat,NED,
1840,Gert,Pieper,NED,
1841,Christian,Pistoni,ITA,
1842,Igor,Antonelli,ITA,
1843,Juergen,Lingg,GER,
1844,Stefan,Kruse,GER,
1845,Adilson,Zaccari,BRA,
1846,Cesar,Barros,BRA,
1847,Carlos,Medeiros,BRA,
1848,Renato,Velludo,BRA,
1849,Eraldo,Tome,BRA,
1850,John,McGuinness,GBR,
1851,Callum,Ramsay,GBR,
1852,Gary,May,GBR,
1853,Radomil,Rous,CZE,64
1854,Marco,Melandri,ITA,33
1855,Emanuel,Buchner,GER,
1856,Igor,Kalab,CZE,
1857,David,Guardiola,SPA,
1858,Alvaro,Molina,SPA,31
1859,Joan,Montero,SPA,
1860,David,Ortega,SPA,
1861,Rudi,Arianto,INA,
1862,Troy,Bayliss,AUS,12
1863,William,Strugnell,AUS,
1864,Simon,Weeks,AUS,
1865,Ben,Reid,AUS,
1866,Michael,Clunie,NZE,
1867,Jay,Taylor,AUS,
1868,Hayden,Bool,NZE,
1869,James,Armstrong,AUS,
1870,Matt,Wait,USA,
1871,Noriyuki,Haga,JPN,
1872,Fernando,Cristóbal,SPA,
1873,Mark,Willis,AUS,
1874,Fabio,Carpani,ITA,
1875,Shinya,Nakano,JPN,56
1876,Makoto,Tamada,JPN,6
1877,Nobuyuki,Osaki,JPN,
1878,Takashi,Akita,JPN,
1879,Arnaud,Vincent,FRA,21
1880,Felisberto,Teixeira,POR,
1881,Agustin,Escobar,SPA,
1882,Jeronimo,Vidal,SPA,
1883,Marco,Tresoldi,SWI,
1884,Julien,Allemand,FRA,
1885,Franck,Poulle,FRA,
1886,Johan,Stigefelt,SWE,
1887,Andrea,Iommi,ITA,
1888,Randy,De Puniet,FRA,14
1889,Jimmy,Petit,FRA,
1890,Ivan,Clementi,ITA,
1891,Alex,Debon,SPA,6
1892,Ivan,Martinez,SPA,
1893,Federico,Cerroni,ITA,
1894,Wilhelm,Van Leeuwen,NED,
1895,Harold,De Haan,NED,
1896,Shane,Norval,RSA,
1897,Leon,Haslam,GBR,
1898,David,Mateer,GBR,
1899,Alex,Hofmann,GER,66
1900,Mike,Baldinger,GER,
1901,Adrian,Schmidt,GER,
1902,Christian,Manna,ITA,
1903,Klaus,Nöhles,GER,
1904,Reinhard,Stolz,GER,
1905,Oliver,Perschke,GER,
1906,Dirk,Heidolf,GER,28
1907,Matthieu,Lagrive,FRA,
1908,Michal,Brezina,CZE,
1909,Bohuslav,Seifert,CZE,
1910,Jakub,Smrz,CZE,96
1911,Diego,Giugovaz,ITA,
1912,Filippo,Cotti,ITA,
1913,Max,Sabbatani,ITA,
1914,Lucas,Oliver,SPA,
1915,Pablo,Nieto,SPA,22
1916,Adrian,Araujo,SPA,
1917,Shaun,Geronimi,AUS,
1918,Craig,Frederickson,NZE,
1919,Alessandro,Romagnoli,ITA,
1920,Juan Pablo,Gianini,ARG,
1921,Woolsey,Coulter,GBR,
1922,Diego,Ruaben,ARG,
1923,Leandro,Mulet,ARG,
1924,Gabriel,Borgmann,ARG,
1925,Matias,Rios,ARG,
1926,Cristiano,Vieira,BRA,
1927,Silvio Cesar,Zequim,BRA,
1928,Michael,Rutter,GBR,
1929,Mike,Hale,USA,
1930,Steve,Martin,AUS,
1931,Anthony,West,AUS,95
1932,Manuel,Poggiali,RSM,54
1933,Alessandro,Brannetti,ITA,65
1934,Direk,Archewong,THA,
1935,M.,Meganathan,MAL,
1936,Tatsuya,Yamaguchi,JPN,99
1937,Tekkyu,Kayo,JPN,
1938,Ken,Eguchi,JPN,
1939,Kazuhiro,Kubo,JPN,
1940,Minoru,Nakamura,JPN,
1941,Jesús,Perez,SPA,
1942,Naohiro,Negishi,JPN,
1943,Emilio,Delgado,SPA,
1944,Toni,Elias,SPA,24
1945,Luis,Costa,SPA,
1946,Julien,Da Costa,FRA,
1947,Gregory,Lefort,FRA,
1948,Eric,Dubray,FRA,
1949,Herve,Louiset,FRA,
1950,Mike,Lougassi,FRA,
1951,Marco,Petrini,ITA,
1952,Gaspare,Caffiero,ITA,
1953,Victor,Carrasco,SPA,
1954,Arno,Visscher,NED,
1955,Patrick,Lakerveld,NED,
1956,Ronnie,Timmer,NED,
1957,Kenny,Tibble,GBR,
1958,Christian,Gemmel,GER,
1959,Phillipp,Hafeneger,GER,
1960,Dirk,Reissmann,GER,
1961,William,De Angelis,RSM,
1962,Cristian,Magnani,ITA,
1963,David,Mico,SPA,
1964,Roger,Harrison,AUS,
1965,Kevin,Curtain,AUS,
1966,Robbin,Harms,DAN,
1967,Broc,Parkes,AUS,23
1968,Dennis,Charlett,AUS,
1969,Michael,Teniswood,AUS,
1970,Adrian,Coates,GBR,
1971,Markus,Barth,GER,
1972,Beaumont,Levy,RSA,
1973,Jason,Di Salvo,USA,42
1974,Leandro,Giuggia,ARG,
1975,Yoshiteru,Konishi,JPN,
1976,Sebastien,Legrelle,BEL,
1977,Akira,Ryo,JPN,
1978,David,Tomas,SPA,
1979,Phil,Giles,GBR,
1980,David,Checa,SPA,94
1981,Alex,De Angelis,RSM,15
1982,Decha,Krisart,THA,
1983,Suhathai,Chaemsap,THA,
1984,Shinichi,Nakatomi,JPN,
1985,Nobuyuki,Ohsaki,JPN,
1986,Taro,Sekiguchi,JPN,44
1987,Daisaku,Sakai,JPN,
1988,Hector,Faubel,SPA,55
1989,Bruno,Vecchioni,FRA,
1990,Sylvain,Guintoli,FRA,50
1991,Erwan,Nigon,FRA,63
1992,Hugo,Marchand,FRA,9
1993,Alex,Baldolini,ITA,25
1994,Eric,Bataille,FRA,
1995,Arnold,Litjens,NED,
1996,Gary,Haslam,GBR,
1997,Jason,Davis,GBR,
1998,Andreas,Göbel,GER,
1999,Jarno,Müller,GER,
2000,Achim,Kariger,GER,
2001,Andreas,Hahn,GER,
2002,Michael,Witzeneder,AUT,
2003,Laszlo,Bancsiki,HUN,
2004,Gabor,Talmacsi,HUN,14
2005,José,Leite,POR,
2006,Hiroshi,Aoyama,JPN,7
2007,Yoshinori,Korogi,JPN,
2008,Tomoyoshi,Koyama,JPN,71
2009,Joshua,Brookes,AUS,
2010,Stefano,Bianco,ITA,27
2011,Brendan,Clarke,AUS,
2012,Barry,Veneman,NED,
2013,Lorenzo,Lanzi,ITA,
2014,Katja,Poensgen,GER,
2015,Dani,Pedrosa,SPA,26
2016,Joan,Olive,SPA,6
2017,Raul,Jara,SPA,
2018,Jonathan,Van Vuuren,RSA,
2019,Ivan,Silva,SPA,22
2020,Damaso,Nacher,SPA,
2021,Angel,Rodriguez,SPA,47
2022,Riccardo,Chiarello,ITA,
2023,Herve,Mora,FRA,
2024,Guillaume,Dietrich,FRA,
2025,David,Fouloi,FRA,
2026,Tom,Ouvrard,FRA,
2027,Xavier,Herouin,FRA,
2028,Julien,Enjolras,FRA,
2029,Michele,Conti,ITA,16
2030,Jarno,Boesveld,NED,
2031,Michale,Herzberg,GBR,
2032,Casey,Stoner,AUS,27
2033,Max,Neukirchner,GER,76
2034,Claudius,Klein,GER,
2035,Tobias,Kirmeier,GER,
2036,Rene,Knoefler,GER,
2037,Mika,Kallio,FIN,36
2038,Gabor,Rizmayer,HUN,12
2039,Norman,Rank,GER,
2040,Jascha,Buch,GER,
2041,Matej,Smrz,CZE,
2042,Vaclav,Bittman,CZE,
2043,Tomas,Miksovsky,CZE,
2044,Michael,Garcia,SPA,
2045,Takayuki,Onodera,JPN,
2046,Toshihisa,Kuzuhara,JPN,9
2047,Shuhei,Aoyama,JPN,73
2048,Leandro,Panades,BRA,
2049,John,Hopkins,USA,21
2050,Wataru,Yoshikawa,JPN,8
2051,Andrew,Pitt,AUS,88
2052,Hector,Barbera,SPA,8
2053,Mattia,Angeloni,ITA,
2054,Imre,Toth,HUN,10
2055,Andrea,Dovizioso,ITA,4
2056,Michel,Fabrizio,ITA,84
2057,Chaz,Davies,GBR,57
2058,Jorge,Lorenzo,SPA,99
2059,Alvaro,Bautista,SPA,19
2060,Gregory,Leblanc,FRA,38
2061,Yohann,Tiberio,FRA,
2062,Vincent,Braillard,SWI,26
2063,Gioele,Pellino,ITA,42
2064,Simone,Corsi,ITA,24
2065,Julian,Simon,SPA,60
2066,Leon,Camier,GBR,2
2067,Peter,Politiek,NED,
2068,Fabrizio,Lai,ITA,32
2069,Adri,Den Bekker,NED,
2070,Randy,Gevers,NED,68
2071,Gerald,Perdon,NED,
2072,Andrew,Whittley,GBR,
2073,Christian,Elkin,GBR,56
2074,Christopher,Martin,GBR,
2075,Thomas,Luthi,SWI,12
2076,Dario,Giuseppetti,GER,25
2077,Patrick,Unger,GER,13
2078,Jascha,Buech,GER,
2079,Manuel,Mickan,GER,98
2080,Marco,Simoncelli,ITA,58
2081,Yuki,Takahashi,JPN,72
2082,Katsuyuki,Nakasuga,JPN,21
2083,Ryuji,Yokoe,JPN,78
2084,Noboyuki,Ohsaki,JPN,
2085,Takashi,Yasuda,JPN,
2086,Hideyuki,Ogata,JPN,
2087,Russell,Holland,AUS,
2088,Joshua,Waters,AUS,
2089,Peter,Holmes,AUS,
2090,Jeremy,Crowe,AUS,
2091,Chuck,Sorensen,USA,
2092,Ruben,Catalan,SPA,
2093,Nicky,Hayden,USA,69
2094,Colin,Edwards,USA,5
2095,Ryuichi,Kiyonari,JPN,54
2096,Akira,Yanagawa,JPN,87
2097,Tamaki,Serizawa,JPN,
2098,Mike,Di Meglio,FRA,63
2099,Akio,Tanaka,JPN,
2100,Sadahito,Suma,JPN,
2101,Peter,Lenart,HUN,
2102,Luis,Castro,SPA,
2103,Sergio,Gadea,SPA,33
2104,Ismael,Ortega,SPA,
2105,Samuel,Aubry,FRA,
2106,Alessio,Aldrovandi,ITA,
2107,Michele,Pirro,ITA,51
2108,Lukas,Pesek,CZE,52
2109,Jordi,Carchano,SPA,28
2110,Jan,Blok,NED,
2111,Arie,Vos,NED,
2112,Hans,Smees,NED,66
2113,Jarno,Vd Marel,NED,
2114,Paul,Veazey,GBR,
2115,Midge,Smart,GBR,
2116,Lee,Longden,GBR,
2117,Chester,Lusk,GBR,
2118,Vesa,Kallio,FIN,
2119,Michal,Filla,CZE,70
2120,Marketa,Janakova,CZE,
2121,Luka,Nedog,SLO,
2122,Chris,Burns,GBR,
2123,Frederik,Watz,SWE,18
2124,Miguel,Praia,POR,
2125,Manuel,Manna,ITA,
2126,Michele,Danese,ITA,41
2127,Hiroaki,Kuzuhara,JPN,90
2128,Shi Zhao,Huang,CHN,58
2129,Shane,Byrne,GBR,67
2130,Mattia,Pasini,ITA,54
2131,Jarno,Ronzoni,ITA,71
2132,Raymond,Schouten,NED,16
2133,Georg,Froehlich,GER,95
2134,Enrique,Jerez,SPA,51
2135,Mathieu,Gines,FRA,56
2136,Yannick,Deschamps,FRA,73
2137,Mikko,Kyyhkynen,FIN,
2138,Jordi,Planas,SPA,
2139,Jarno,Van Der Marel,NED,
2140,Lee,Dickinson,GBR,
2141,Raffaele,De Rosa,ITA,35
2142,Eugene,Laverty,IRL,50
2143,Kris,Weston,GBR,
2144,Thomas,Bridewell,GBR,
2145,Michael,Ranseder,AUT,60
2146,Lorenzo,Zanetti,ITA,8
2147,Patrik,Vostarek,CZE,87
2148,James,Ellison,GBR,77
2149,Matthew,Kuhne,AUS,
2150,Bryan,Staring,AUS,67
2151,Nicolas,Terol,SPA,18
2152,Aleix,Espargaro,SPA,41
2153,Chris,Vermeulen,AUS,7
2154,Martin,Cardenas,COL,36
2155,Yves,Polzer,AUT,42
2156,Alexis,Masbou,FRA,10
2157,Sandro,Cortese,GER,11
2158,Andrea,Iannone,ITA,29
2159,Federico,Sandi,ITA,10
2160,Karel,Abraham,CZE,17
2161,Zi Xian,He,CHN,62
2162,Wai On,Cheung,CHN,38
2163,Ho Wan,Chow,CHN,89
2164,Mathieu,Lussiana,FRA,88
2165,Jules,Cluzel,FRA,16
2166,Alexis,Michel,FRA,90
2167,Lorenzo,Baroni,ITA,23
2168,Luca,Verdini,ITA,92
2169,Nico,Vivarelli,ITA,93
2170,Gabriele,Ferro,ITA,20
2171,Mateo,Tunez,SPA,21
2172,Daniel,Saez,SPA,78
2173,Hugo,Van Den Berg,NED,56
2174,Stefan,Bradl,GER,6
2175,Gert-Jan,Kok,NED,79
2176,Joey,Litjens,NED,37
2177,Andreas,Martensson,SWE,26
2178,Dan,Linfoot,GBR,45
2179,James,Westmorland,GBR,95
2180,Rob,Guiver,GBR,57
2181,Kevin,Coghlan,GBR,49
2182,Nicklas,Cajback,SWE,23
2183,Thomas,Walter,GER,52
2184,Franz,Aschenbrenner,GER,17
2185,Sascha,Hommel,GER,31
2186,Thomas,Mayer,GER,99
2187,David,Bonache,SPA,48
2188,Lukas,Razek,CZE,97
2189,Kouki,Takahashi,JPN,93
2190,Mamoru,Akiya,JPN,77
2191,Yuki,Hamamoto,JPN,64
2192,Takumi,Takahashi,JPN,20
2193,Arata,Mori,JPN,66
2194,Kazuki,Hanafusa,JPN,67
2195,Hiroomi,Iwata,JPN,50
2196,Doni Tata,Pradita,INA,45
2197,Arturo,Tizon,SPA,23
2198,Blake,Leigh-Smith,AUS,67
2199,Tom,Hatton,AUS,81
2200,Zheng Peng,Li,CHN,61
2201,Zhu,Wang,CHN,60
2202,Tito,Rabat,SPA,53
2203,Kousuke,Akiyoshi,JPN,64
2204,Alessio,Palumbo,ITA,85
2205,Luca,Morelli,ITA,22
2206,Bradley,Smith,GBR,38
2207,Simone,Grotzkyj,ITA,15
2208,Roberto,Tamburini,ITA,20
2209,Ivan,Maestro,SPA,76
2210,Sinan,Sofuoglu,TUR,40
2211,Dino,Lombardi,ITA,13
2212,Jin,Xiao,CHN,63
2213,Chin Feng,Ho,CHN,59
2214,Fabricio,Perren,ARG,37
2215,Omar,Menghi,ITA,64
2216,Daniele,Rossi,ITA,88
2217,Roberto,Lacalendola,ITA,87
2218,Pol,Espargaro,SPA,44
2219,Bram,Appelo,NED,69
2220,Jan,Roelofs,NED,71
2221,Robert,Muresan,ROU,95
2222,Patrick,Vd Waarsenburg,NED,94
2223,Luke,Lawrence,GBR,75
2224,Randy,Krummenacher,SWI,4
2225,Anthony,Rogers,GBR,
2226,Kyle,Kentish,GBR,
2227,Meik Kevin,Minnerop,GER,78
2228,Toni,Wirsing,GER,94
2229,Robin,Laesser,GER,61
2230,Clement,Dunikowski,FRA,83
2231,Eric,Hubsch,GER,72
2232,Kenni,Aggerholm,DAN,84
2233,Michal,Sembera,CZE,69
2234,Michal,Prasek,CZE,70
2235,Stefano,Musco,ITA,56
2236,Rong Zai,Su,CHN,56
2237,Rhys,Moller,AUS,59
2238,Ratthapark,Wilairot,THA,14
2239,Seijin,Oikawa,JPN,89
2240,Iori,Namihira,JPN,51
2241,Kazuma,Watanabe,JPN,49
2242,Shoya,Tomizawa,JPN,48
2243,Kazuya,Otani,JPN,73
2244,Joao,Fernandes,POR,32
2245,Dominique,Aegerter,SWI,77
2246,Santiago,Barragan,SPA,53
2247,Pere,Tutusaus,SPA,30
2248,Roger Lee,Hayden,USA,95
2249,Steve,Bonsey,USA,51
2250,Danny,Webb,GBR,99
2251,Tobias,Siegert,GER,41
2252,Alen,Gyorfi,HUN,40
2253,Romain,Maitre,FRA,46
2254,Steven,Le Coquen,FRA,52
2255,Julien,Cartron,FRA,48
2256,Thomas,Tallevi,ITA,65
2257,Simone,Sancioni,ITA,42
2258,Philipp,Eitzinger,AUT,85
2259,Efren,Vazquez,SPA,7
2260,Toby,Markham,GBR,54
2261,Luke,Jones,GBR,82
2262,Nikki,Coates,GBR,83
2263,Robbie,Stewart,GBR,84
2264,Tom,Hayward,GBR,81
2265,Ronald,Beitler,NED,69
2266,Roy,Pouw,NED,90
2267,Jasper,Iwema,NED,53
2268,Ferry,Stoffer,NED,88
2269,Thomas,Walther,GER,38
2270,Joshua,Sommer,GER,18
2271,Eric,Huebsch,GER,65
2272,Sebastien,Eckner,GER,67
2273,Ricard,Cardus,SPA,88
2274,Karel,Pesek,CZE,86
2275,Karel,Majek,CZE,91
2276,Ferruccio,Lamborghini,ITA,70
2277,Federico,Biaggi,ITA,80
2278,Louis,Rossi,FRA,96
2279,Stevie,Bonsey,USA,51
2280,Nayuta,Mizuno,JPN,69
2281,Yuuichi,Yanagisawa,JPN,58
2282,Glenn,Scott,AUS,68
2283,Cyril,Carrillo,FRA,36
2284,Takaaki,Nakagami,JPN,30
2285,James,Toseland,GBR,52
2286,Ben,Spies,USA,11
2287,Jamie,Hacking,USA,12
2288,Scott,Redding,GBR,45
2289,Robin,Lasser,GER,21
2290,Alberto,Moncayo,SPA,23
2291,Axel,Pons,SPA,49
2292,Russel,Gomez,SPA,7
2293,Marc,Marquez,SPA,93
2294,Lorenzo,Savadori,ITA,32
2295,Riccardo,Moretti,ITA,51
2296,Luca,Vitali,ITA,10
2297,Daniel,Arcas,SPA,92
2298,Jordi,Dalmau,SPA,31
2299,Lee,Costello,GBR,67
2300,Matthew,Hoyle,GBR,64
2301,Connor,Behan,GBR,66
2302,Paul,Jordan,IRL,68
2303,Luke,Hinton,GBR,65
2304,Michael,Van Der Mark,NED,60
2305,Robert,Gull,SWE,84
2306,Ernst,Dubbink,NED,89
2307,Jerry,Van De Bunt,NED,67
2308,Marcel,Schrotter,GER,23
2309,Marvin,Fritz,GER,85
2310,Marco,Ravaioli,ITA,72
2311,Sebastian,Kreuziger,GER,88
2312,Bastien,Chesaux,SWI,8
2313,Lukas,Sembera,CZE,69
2314,Andrea,Touskova,CZE,98
2315,Jonas,Folger,GER,94
2316,Gennaro,Sabatino,ITA,49
2317,Adrian,Martin,SPA,26
2318,PJ,Jacobsen,USA,54
2319,Davide,Stirpe,ITA,74
2320,Kristian Lee,Turner,USA,90
2321,Takumi,Endoh,JPN,69
2322,Yuuki,Ito,JPN,68
2323,Hiroki,Ono,JPN,76
2324,Jed,Metcher,AUS,91
2325,Brad,Gross,AUS,46
2326,Cristian,Trabalon,SPA,25
2327,Niccolo,Canepa,ITA,88
2328,Vladimir,Leonov,RUS,56
2329,Aitor,Rodriguez,SPA,77
2330,Johann,Zarco,FRA,5
2331,Cameron,Beaubier,USA,6
2332,Luca,Marconi,ITA,87
2333,Kazuki,Watanabe,JPN,28
2334,Satoru,Kamada,JPN,59
2335,Yuki,Oogane,JPN,57
2336,Yuma,Yahagi,JPN,56
2337,Valentin,Debise,FRA,53
2338,Luis,Salom,SPA,39
2339,Borja,Maestro,SPA,41
2340,Eduard,Lopez,SPA,40
2341,Gregory,Di Carlo,FRA,48
2342,Sturla,Fagerhaug,NOR,50
2343,Balazs,Nemeth,HUN,11
2344,Luigi,Morciano,ITA,3
2345,Alessandro,Tonucci,ITA,19
2346,Johnny,Rosell,SPA,59
2347,Pepijn,Bijsterbosch,NED,83
2348,Joakim,Stensmo,SWE,66
2349,Daniel,Kartheininger,GER,12
2350,Toni,Finsterbusch,GER,9
2351,Damien,Raemy,SWI,80
2352,Eeki,Kuparinen,FIN,81
2353,Luke,Mossey,GBR,64
2354,Martin,Glossop,GBR,91
2355,James,Lodge,GBR,89
2356,Timothy,Hastings,GBR,90
2357,Ivan,Visak,CRO,68
2358,Ladislav,Chmelik,CZE,67
2359,Barrett,Long,USA,29
2360,Adam,Roberts,CAN,30
2361,Ben,Young,USA,74
2362,Miles,Thornton,USA,75
2363,Jacub,Jantulik,SVK,70
2364,Jakub,Kornfeil,CZE,84
2365,Christopher,Moretti,ITA,88
2366,Quentin,Jacquet,FRA,19
2367,Andrew,Lawson,AUS,54
2368,Levi,Day,AUS,98
2369,Nicky,Diles,AUS,96
2370,Elly,Ilias,MAL,28
2371,Muhammad,Zulfahmi,MAL,23
2372,William,Dunlop,IRL,33
2373,Joan,Perello,SPA,36
2374,Kenny,Noyes,USA,9
2375,Claudio,Corti,ITA,71
2376,Arne,Tode,GER,41
2377,Anthony,Delhalle,FRA,96
2378,Vladimir,Ivanov,UKR,61
2379,Robertino,Pietri,VEN,39
2380,Bernat,Martinez,SPA,76
2381,Yannick,Guerra,SPA,88
2382,Mashel,Al Naimi,QAT,95
2383,Yonny,Hernandez,COL,68
2384,Zulfahmi,Khairuddin,MAL,63
2385,Amadeo,Llados,SPA,92
2386,Ivan,Moreno,SPA,21
2387,Isaac,Viñales,SPA,32
2388,Xavier,Simeon,BEL,19
2389,Kevin,Szalai,FRA,82
2390,Morgan,Berchet,FRA,83
2391,Mattia,Tarozzi,ITA,98
2392,Armando,Pontone,ITA,80
2393,Tommaso,Gabrielli,ITA,96
2394,Deane,Brown,GBR,75
2395,Taylor,Mackenzie,GBR,17
2396,Danny,Kent,GBR,52
2397,Yusuke,Teshima,JPN,11
2398,Jordi,Torres,SPA,81
2399,Carmelo,Morales,SPA,31
2400,Dani,Rivas,SPA,27
2401,Peter,Sebestyen,HUN,56
2402,Damian,Cudlin,AUS,50
2403,Kevin,Hanus,GER,86
2404,Francesco,Mauriello,ITA,43
2405,Giovanni,Bonati,ITA,79
2406,Roman,Ramos,SPA,97
2407,Santiago,Hernandez,COL,64
2408,Robin,Barbosa,FRA,37
2409,Alejandro,Pardo,ITA,27
2410,Josep,Rodriguez,SPA,28
2411,Pedro,Rodriguez,SPA,16
2412,Hiromichi,Kunikawa,JPN,66
2413,Hikari,Ookubo,JPN,88
2414,Syunya,Mori,JPN,42
2415,Sasuke,Shinozaki,JPN,91
2416,Mohamad,Zamri Baba,MAL,87
2417,Javier,Fores,SPA,21
2418,Alexander,Cudlin,AUS,49
2419,Wayne,Maxwell,AUS,47
2420,Joshua,Hook,AUS,16
2421,Joel,Taylor,AUS,57
2422,Kenan,Sofuoglu,TUR,54
2423,John,Mcphee,GBR,17
2424,Niklas,Ajo,FIN,31
2425,Cal,Crutchlow,GBR,35
2426,Josh,Hayes,USA,41
2427,Nasser Hasan,Al Malki,QAT,96
2428,Maverick,Viñales,SPA,25
2429,Miguel,Oliveira,POR,44
2430,Harry,Stafford,GBR,21
2431,Giulian,Pedone,SWI,30
2432,Steven,Odendaal,RSA,4
2433,Lukasz,Wargala,POL,99
2434,Daniel,Ruiz,SPA,34
2435,Sarath,Kumar,IND,69
2436,Kevin,Thobois,FRA,92
2437,Luca,Gruenwald,GER,43
2438,Bryan,Schouten,NED,51
2439,Thomas,Van Leeuwen,NED,71
2440,Tommaso,Lorenzetti,ITA,24
2441,Miroslav,Popov,CZE,95
2442,Kevin,Calia,ITA,74
2443,Massimo,Parziani,ITA,88
2444,Felix,Forstenhaeusler,GER,78
2445,Jack,Miller,AUS,43
2446,Ben,Bostrom,USA,23
2447,Manuel,Tatasciore,ITA,60
2448,JD,Beach,USA,73
2449,Jacob,Gagne,USA,32
2450,Brad,Binder,RSA,41
2451,Alessandro,Andreozzi,ITA,22
2452,Alessandro,Giorgi,ITA,27
2453,Elena,Rosell,SPA,82
2454,Luca,Fabrizio,ITA,89
2455,Hyuga,Watanabe,JPN,29
2456,Jun,Ohnishi,JPN,80
2457,Kris,McLaren,AUS,43
2458,Marco,Colandrea,SWI,10
2459,Hafizh,Syahrin,MAL,55
2460,Apiwat,Wongthananon,THA,9
2461,Arthur,Sissis,AUS,61
2462,Farid,Badrul,MAL,64
2463,Oscar,Climent,SPA,61
2464,Danilo,Petrucci,ITA,9
2465,Jonathan,Rea,GBR,56
2466,Steve,Rapp,USA,15
2467,David,Salom,SPA,44
2468,Gino,Rea,GBR,8
2469,Alexander,Lundh,SWE,7
2470,Romano,Fenati,ITA,5
2471,Alex,Rins,SPA,42
2472,Alan,Techer,FRA,89
2473,Niccolò,Antonelli,ITA,23
2474,Kenta,Fujii,JPN,51
2475,Alex,Marquez,SPA,73
2476,Eric,Granado,BRA,57
2477,Fraser,Rogers,GBR,79
2478,Kevin,Wahr,GER,11
2479,Markus,Reiterberger,GER,21
2480,Massimo,Roccoli,ITA,55
2481,Michael Ruben,Rinaldi,ITA,71
2482,Aaron,Yates,USA,20
2483,Stefano,Valtulini,ITA,43
2484,Alex,Mariñelarena,SPA,92
2485,Jesko,Raffin,SWI,2
2486,Luca,Amato,GER,21
2487,Juan Francisco,Guevara,SPA,58
2488,Jorge,Navarro,SPA,9
2489,Kohta,Nozane,JPN,31
2490,Yuudai,Kamei,JPN,82
2491,Lincoln,Gilding,AUS,75
2492,Sam,Clarke,AUS,36
2493,Rafid Topan,Sucipto,INA,97
2494,Philipp,Oettl,GER,65
2495,Michael,Laverty,GBR,70
2496,Javier,Del Amor,SPA,77
2497,Kyle,Smith,GBR,9
2498,Ana,Carrasco,SPA,22
2499,Francesco,Bagnaia,ITA,21
2500,Matteo,Ferrari,ITA,3
2501,Florian,Alt,GER,66
2502,Lorenzo,Baldassarri,ITA,7
2503,Blake,Young,USA,79
2504,Livio,Loi,BEL,11
2505,Christophe,Arciero,FRA,18
2506,Jules,Danilo,FRA,95
2507,Andrea,Locatelli,ITA,5
2508,Michael,Coletti,ITA,93
2509,Andrea,Migno,ITA,16
2510,James,Rispoli,USA,43
2511,Thitipong,Warokorn,THA,10
2512,Martin,Bauer,AUT,45
2513,Lucas,Mahias,FRA,90
2514,Jason,O'Halloran,AUS,22
2515,Kyle,Ryde,GBR,37
2516,Wayne,Ryan,GBR,98
2517,Franco,Morbidelli,ITA,21
2518,Azlan,Shah,MAL,25
2519,Ezequiel,Iturrioz,ARG,34
2520,Luca,Marini,ITA,10
2521,Luca,Scassa,ITA,23
2522,Robin,Mulhauser,SWI,70
2523,Maria,Herrera,SPA,6
2524,Decha,Kraisart,THA,46
2525,Fadli,Immammuddin,INA,62
2526,Zaqhwan,Zaidi,MAL,51
2527,Aizat,Malik,MAL,79
2528,Hafiq,Azmi,MAL,38
2529,Lachlan,Kavney,AUS,75
2530,Tetsuta,Nagashima,JPN,45
2531,Sena,Yamada,JPN,81
2532,Sam,Lowes,GBR,22
2533,Josh,Herrin,USA,2
2534,Karel,Hanika,CZE,98
2535,Enea,Bastianini,ITA,33
2536,Scott,Deroue,NED,9
2537,Luca,Grünwald,GER,43
2538,Gabriel,Ramos,VEN,4
2539,Edgar,Pons,SPA,57
2540,Marcos,Ramirez,SPA,42
2541,Gabriel,Rodrigo,ARG,19
2542,Simone,Mazzola,ITA,16
2543,Anthony,Groppi,ITA,69
2544,Nina,Prinz,GER,33
2545,Maximilian,Kappler,GER,97
2546,Riccardo,Russo,ITA,84
2547,Dakota,Mamola,BEL,80
2548,Joe,Irving,GBR,66
2549,Florian,Marino,FRA,20
2550,Federico,Caricasulo,ITA,64
2551,Federico,Fuligni,ITA,21
2552,Lorenzo,Petrarca,ITA,77
2553,Remy,Gardner,AUS,87
2554,Chalermpol,Polamai,THA,65
2555,Hikari,Okubo,JPN,78
2556,Aiden,Wagner,AUS,41
2557,Max,Croker,AUS,42
2558,Olly,Simpson,AUS,45
2559,Hafiza,Rofa,MAL,88
2560,Ramdan,Rosli,MAL,93
2561,Albert,Arenas,SPA,75
2562,Loris,Baz,FRA,76
2563,Fabio,Quartararo,FRA,20
2564,Jorge,Martin,SPA,88
2565,Darryn,Binder,RSA,40
2566,Tatsuki,Suzuki,JPN,24
2567,Marco,Bezzecchi,ITA,72
2568,Loris,Cresson,BEL,61
2569,Stefano,Manzi,ITA,62
2570,Louis,Bulle,FRA,20
2571,Jorel,Boerboom,NED,25
2572,Jonas,Geitner,GER,45
2573,Xavi,Vierge,SPA,97
2574,Lorenzo,Dalla Porta,ITA,48
2575,Bradley,Ray,GBR,28
2576,Luke,Hedger,GBR,26
2577,Taz,Taylor,GBR,66
2578,Adrian,Gyutai,HUN,90
2579,Khairul Idham,Pawi,MAL,89
2580,Davide,Pizzoli,ITA,9
2581,Manuel,Pagliani,ITA,96
2582,Keisuke,Kurihara,JPN,27
2583,Ryo,Mizuno,JPN,34
2584,Matt,Barton,AUS,14
2585,Joan,Mir,SPA,36
2586,Nicolo,Bulega,ITA,8
2587,Fabio,Di Giannantonio,ITA,21
2588,Alex,Lowes,GBR,22
2589,Mike,Jones,AUS,7
2590,Bo,Bendsneyder,NED,64
2591,Aron,Canet,SPA,44
2592,Adam,Norrodin,MAL,7
2593,Fabio,Spiranelli,ITA,3
2594,Enzo,Boulom,FRA,99
2595,Danny,Eslick,USA,69
2596,Tim,Georgi,GER,77
2597,Iker,Lecuona,SPA,27
2598,Alex,Fabbri,RSM,71
2599,Gabriel,Martinez-Abrego,MEX,18
2600,Naomichi,Uramoto,JPN,63
2601,Shizuka,Okazaki,JPN,13
2602,Alessandro,Nocco,ITA,20
2603,Ayumu,Sasaki,JPN,71
2604,Hugo,Clere,FRA,16
2605,Raul,Fernandez,SPA,25
2606,Vicente,Perez,SPA,77
2607,Takuya,Tsuda,JPN,12
2608,Saeed,Al Sulaiti,QAT,8
2609,Nakarin,Atiratphuvapat,THA,41
2610,Kaito,Toba,JPN,27
2611,Tony,Arbolino,ITA,14
2612,Patrik,Pulkkinen,FIN,4
2613,Axel,Bassani,ITA,47
2614,Tarran,Mackenzie,GBR,6
2615,Augusto,Fernandez,SPA,37
2616,Edoardo,Sintoni,ITA,30
2617,Aleix,Viu,SPA,81
2618,Ryan,Van De Lagemaat,NED,18
2619,Hector,Garzo,SPA,40
2620,Joe,Roberts,USA,16
2621,Dennis,Foggia,ITA,7
2622,Jaume,Masia,SPA,5
2623,Maximilian,Kofler,AUT,73
2624,Jake,Dixon,GBR,96
2625,Tom,Booth-Amos,GBR,69
2626,Jake,Archer,GBR,47
2627,Kevin,Zannoni,ITA,21
2628,Aaron,Polanco,SPA,37
2629,Ikuhiro,Enokido,JPN,33
2630,Tom,Toparis,AUS,70
2631,Dimas,Ekky Pratama,INA,20
2632,Kasma Daniel,Kasmayudin,MAL,9
2633,Kazuki,Masaki,JPN,22
2634,Christophe,Ponsson,FRA,23
2635,Makar,Yurchenko,KAZ,76
2636,Alonso,Lopez,SPA,21
2637,Lukas,Tulovic,GER,3
2638,Xavi,Cardelus,AND,18
2639,Ai,Ogura,JPN,79
2640,Jeremy,Alcoba,SPA,52
2641,Niki,Tuuli,FIN,66
2642,Corentin,Perolari,FRA,19
2643,Cedric,Tangre,FRA,80
2644,Stefano,Nepa,ITA,82
2645,Sheridan,Morais,POR,12
2646,Alejandro,Medina,SPA,55
2647,Filip,Salac,CZE,12
2648,Yari,Montella,ITA,5
2649,Somkiat,Chantra,THA,35
2650,Celestino,Vietti,ITA,13
2651,Yuto,Fukushima,JPN,36
2652,Tommaso,Marcon,ITA,70
2653,Can,Oncu,TUR,61
2654,Izam,Ikmal,MAL,26
2655,Ryusei,Yamanaka,JPN,6
2656,Riccardo,Rossi,ITA,54
2657,Gabriele,Ruiu,ITA,6
2658,Sergio,Garcia,SPA,11
2659,Meikon,Kawakami,BRA,83
2660,Teppei,Nagoe,JPN,19
2661,Gerry,Salim,INA,31
2662,Carlos,Tatay,SPA,99
2663,Dirk,Geiger,GER,28
2664,Mattia,Casadei,ITA,27
2665,Kenny,Foray,FRA,78
2666,Deniz,Öncü,TUR,53
2667,Yuki,Kunii,JPN,92
2668,Brandon,Paasch,USA,96
2669,Andi Farid,Izdihar,INA,27
2670,Elia,Bartolini,ITA,22
2671,Gerard,Riu Male,SPA,67
2672,Julian Jose,Garcia,SPA,10
2673,Rogan,Chandler,NZE,15
2674,Yanni,Shaw,AUS,9
2675,Sean Dylan,Kelly,USA,69
2676,Xavier,Artigas,SPA,43
2677,Kasma,Daniel,MAL,99
2678,Jason,Dupasquier,SWI,50
2679,Jose Julian,Garcia,SPA,20
2680,Barry,Baltus,BEL,70
2681,Josh,Hook,AUS,16
2682,Alessandro,Zaccone,ITA,61
2683,Piotr,Biesiekirski,POL,74
2684,Adrian,Fernandez,SPA,31
2685,Garrett,Gerloff,USA,31
2686,Pedro,Acosta,SPA,37
2687,Izan,Guevara,SPA,28
2688,Lorenzo,Fellon,FRA,20
2689,Miquel,Pons,SPA,71
2690,Taiga,Hada,JPN,32
2691,Andrea,Mantovani,ITA,9
2692,Andre,Pires,POR,14
2693,Fermín,Aldeguer,SPA,54
2694,Takuma,Matsuyama,JPN,32
2695,Alberto,Surra,ITA,67
2696,Keminth,Kubo,THA,81
2697,Daniel,Holgado,SPA,96
2698,Joel,Kelso,AUS,66
2699,Manuel,Gonzalez,SPA,18
2700,David,Salvador,SPA,38
2701,Syarifuddin,Azman,MAL,63
2702,Matteo,Bertelle,ITA,18
2703,Mario,Aji,INA,64
2704,David,Alonso,COL,80
